weekend_start_utc,weekend_end_utc,weekend_start_kst,weekend_end_kst,btc_start_price,btc_end_price,btc_weekend_return_pct,btc_up_ox,week_friday_utc,sp500_close,sp500_weekly_ret_pct,sp500_updown,fed_target_upper_pct,fed_change_bp,fed_change_ox,us10y_pct,dgs10_weekly_change_bp,wti_usd,wti_weekly_ret_pct,cpi_yoy_pct,pce_yoy_pct,unemployment_rate_pct,gdp_qoq_saar_pct
2020-01-03 07:00:00,2020-01-06,2020-01-03 16:00:00,2020-01-06 09:00:00,7193.14,7355.4,2.255760349444036,O,2020-01-03,3234.85,,DOWN,1.75,,X,1.8,,63.0,,,,3.6,-5.2
2020-01-10 07:00:00,2020-01-13,2020-01-10 16:00:00,2020-01-13 09:00:00,7733.39,8180.81,5.785561054078481,O,2020-01-10,3265.35,0.9428567012380817,UP,1.75,0.0,X,1.83,3.0000000000000027,59.02,-6.317460317460311,,,3.6,-5.2
2020-01-17 07:00:00,2020-01-20,2020-01-17 16:00:00,2020-01-20 09:00:00,8865.44,8697.53,-1.8939838293418054,X,2020-01-17,3329.62,1.968242301744061,UP,1.75,0.0,X,1.84,1.0000000000000009,58.55,-0.7963402236530137,,,3.6,-5.2
2020-01-24 07:00:00,2020-01-27,2020-01-24 16:00:00,2020-01-27 09:00:00,8330.36,8595.0,3.176813487052166,O,2020-01-24,3295.47,-1.02564256581833,DOWN,1.75,0.0,X,1.7,-14.000000000000012,54.09,-7.617421007685731,,,3.6,-5.2
2020-01-31 07:00:00,2020-02-03,2020-01-31 16:00:00,2020-02-03 09:00:00,9359.52,9325.01,-0.36871548968323564,X,2020-01-31,3225.52,-2.122610735342756,DOWN,1.75,0.0,X,1.51,-18.999999999999993,51.58,-4.640414124607151,,,3.6,-5.2
2020-02-07 07:00:00,2020-02-10,2020-02-07 16:00:00,2020-02-10 09:00:00,9764.32,10168.36,4.137922558867402,O,2020-02-07,3327.71,3.1681713336144224,UP,1.75,0.0,X,1.59,8.000000000000007,50.34,-2.4040325707638477,,,3.5,-5.2
2020-02-14 07:00:00,2020-02-17,2020-02-14 16:00:00,2020-02-17 09:00:00,10188.83,9920.52,-2.633373998781008,X,2020-02-14,3380.16,1.5761589801995823,UP,1.75,0.0,X,1.59,0.0,52.03,3.3571712355979333,2.599767976845202,,3.5,-5.2
2020-02-21 07:00:00,2020-02-24,2020-02-21 16:00:00,2020-02-24 09:00:00,9682.85,9965.0,2.913914808140161,O,2020-02-21,3337.75,-1.254674334942718,DOWN,1.75,0.0,X,1.46,-13.00000000000001,53.36,2.556217566788388,,,3.5,-5.2
2020-02-28 07:00:00,2020-03-02,2020-02-28 16:00:00,2020-03-02 09:00:00,8780.97,8522.3,-2.9458021152560576,X,2020-02-28,2954.22,-11.490674855816053,DOWN,1.75,0.0,X,1.13,-33.00000000000001,44.83,-15.985757121439281,,1.7944821136310463,3.5,-5.2
2020-03-06 07:00:00,2020-03-09,2020-03-06 16:00:00,2020-03-09 09:00:00,9109.49,8037.73,-11.76531287701068,X,2020-03-06,2972.37,0.6143753681174813,UP,1.25,-50.0,O,0.74,-38.99999999999999,41.14,-8.231095248717368,,,4.4,-5.2
2020-03-13 07:00:00,2020-03-16,2020-03-13 16:00:00,2020-03-16 09:00:00,5253.66,5346.86,1.774001362859412,O,2020-03-13,2711.02,-8.792646945030391,DOWN,1.25,0.0,X,0.94,19.999999999999996,31.72,-22.897423432182794,2.3413166797595197,,4.4,-5.2
2020-03-20 07:00:00,2020-03-23,2020-03-20 16:00:00,2020-03-23 09:00:00,6249.62,5815.24,-6.950502590557505,X,2020-03-20,2304.92,-14.979601773502216,DOWN,0.25,-100.0,O,0.92,-1.9999999999999907,19.48,-38.587641866330394,,,4.4,-5.2
2020-03-27 07:00:00,2020-03-30,2020-03-27 16:00:00,2020-03-30 09:00:00,6686.28,5878.98,-12.073978355677594,X,2020-03-27,2541.47,10.262829078666492,UP,0.25,0.0,X,0.72,-20.000000000000007,15.48,-20.533880903490765,,1.689097203314005,4.4,-5.2
2020-04-03 07:00:00,2020-04-06,2020-04-03 16:00:00,2020-04-06 09:00:00,6807.24,6778.64,-0.4201409087970953,X,2020-04-03,2488.65,-2.0783247490625434,DOWN,0.25,0.0,X,0.62,-9.999999999999998,28.36,83.20413436692506,,,14.8,-28.0
2020-04-10 07:00:00,2020-04-13,2020-04-10 16:00:00,2020-04-13 09:00:00,6964.76,6908.12,-0.8132369241725557,X,2020-04-10,2789.82,12.10174190826352,UP,0.25,0.0,X,0.73,10.999999999999998,22.9,-19.252468265162204,1.4940399642909163,,14.8,-28.0
2020-04-17 07:00:00,2020-04-20,2020-04-17 16:00:00,2020-04-20 09:00:00,7064.74,7130.7,0.9336507783725967,O,2020-04-17,2874.56,3.0374719515954274,UP,0.25,0.0,X,0.65,-7.9999999999999964,18.31,-20.04366812227074,,,14.8,-28.0
2020-04-24 07:00:00,2020-04-27,2020-04-24 16:00:00,2020-04-27 09:00:00,7537.99,7706.4,2.2341499524409114,O,2020-04-24,2836.74,-1.3156796170544438,DOWN,0.25,0.0,X,0.6,-5.000000000000004,15.99,-12.670671764063346,,1.1662090444265472,14.8,-28.0
2020-05-01 07:00:00,2020-05-04,2020-05-01 16:00:00,2020-05-04 09:00:00,8760.01,8907.85,1.6876693063135884,O,2020-05-01,2830.71,-0.21256794771462584,DOWN,0.25,0.0,X,0.64,4.0000000000000036,19.72,23.327079424640385,,,13.2,-28.0
2020-05-08 07:00:00,2020-05-11,2020-05-08 16:00:00,2020-05-11 09:00:00,9774.91,8729.86,-10.691147028463677,X,2020-05-08,2929.8,3.500535201415911,UP,0.25,0.0,X,0.69,4.999999999999993,24.73,25.405679513184598,0.3130472940411133,,13.2,-28.0
2020-05-15 07:00:00,2020-05-18,2020-05-15 16:00:00,2020-05-18 09:00:00,9544.93,9677.45,1.3883810567494992,O,2020-05-15,2863.7,-2.2561266980681394,DOWN,0.25,0.0,X,0.64,-4.999999999999993,29.44,19.04569348968863,,,13.2,-28.0
2020-05-22 07:00:00,2020-05-25,2020-05-22 16:00:00,2020-05-25 09:00:00,9079.45,8715.69,-4.00641007990572,X,2020-05-22,2955.45,3.2038970562559,UP,0.25,0.0,X,0.66,2.0000000000000018,33.49,13.756793478260864,,,13.2,-28.0
2020-05-29 07:00:00,2020-06-01,2020-05-29 16:00:00,2020-06-01 09:00:00,9510.91,9445.83,-0.6842668051742717,X,2020-05-29,3044.31,3.006648733695383,UP,0.25,0.0,X,0.65,-1.0000000000000009,35.57,6.210809196775147,,0.4624613003096023,13.2,-28.0
2020-06-05 07:00:00,2020-06-08,2020-06-05 16:00:00,2020-06-08 09:00:00,9800.0,9750.12,-0.5089795918367224,X,2020-06-05,3193.93,4.914742585347742,UP,0.25,0.0,X,0.91,26.0,39.49,11.020522912566765,,,11.0,-28.0
2020-06-12 07:00:00,2020-06-15,2020-06-12 16:00:00,2020-06-15 09:00:00,9356.2,9328.63,-0.29467091340502627,X,2020-06-12,3041.31,-4.778439101670983,DOWN,0.25,0.0,X,0.71,-20.000000000000007,36.24,-8.229931628260323,0.1982013035848551,,11.0,-28.0
2020-06-19 07:00:00,2020-06-22,2020-06-19 16:00:00,2020-06-22 09:00:00,9294.59,9286.14,-0.09091310106202899,X,2020-06-19,3097.74,1.8554504473401234,UP,0.25,0.0,X,0.7,-1.0000000000000009,39.72,9.60264900662251,,,11.0,-28.0
2020-06-26 07:00:00,2020-06-29,2020-06-26 16:00:00,2020-06-29 09:00:00,9200.83,9113.23,-0.952088018146191,X,2020-06-26,3009.05,-2.863055001388093,DOWN,0.25,0.0,X,0.64,-5.999999999999995,38.53,-2.9959718026183246,,0.49016290423937736,11.0,-28.0
2020-07-03 07:00:00,2020-07-06,2020-07-03 16:00:00,2020-07-06 09:00:00,9093.13,9074.37,-0.2063095985650576,X,2020-07-03,3130.01,4.019873381964412,UP,0.25,0.0,X,0.68,4.0000000000000036,40.57,5.294575655333511,,,10.2,34.9
2020-07-10 07:00:00,2020-07-13,2020-07-10 16:00:00,2020-07-13 09:00:00,9135.42,9303.38,1.8385580520654754,O,2020-07-10,3185.04,1.75814134779122,UP,0.25,0.0,X,0.65,-3.0000000000000027,40.56,-0.024648755237854925,0.7166562831830481,,10.2,34.9
2020-07-17 07:00:00,2020-07-20,2020-07-17 16:00:00,2020-07-20 09:00:00,9112.32,9214.01,1.1159616870346944,O,2020-07-17,3224.73,1.246138196066604,UP,0.25,0.0,X,0.64,-1.0000000000000009,40.55,-0.024654832347148492,,,10.2,34.9
2020-07-24 07:00:00,2020-07-27,2020-07-24 16:00:00,2020-07-27 09:00:00,9482.73,9941.0,4.832680040452497,O,2020-07-24,3215.63,-0.28219416819392773,DOWN,0.25,0.0,X,0.59,-5.000000000000004,41.23,1.676942046855734,,,10.2,34.9
2020-07-31 07:00:00,2020-08-03,2020-07-31 16:00:00,2020-08-03 09:00:00,11155.23,11067.46,-0.7868058300904646,X,2020-07-31,3271.12,1.725633857129072,UP,0.25,0.0,X,0.55,-3.9999999999999925,40.1,-2.7407227746786167,,0.7595377063120967,10.2,34.9
2020-08-07 07:00:00,2020-08-10,2020-08-07 16:00:00,2020-08-10 09:00:00,11820.14,11688.25,-1.1158074269847829,X,2020-08-07,3351.28,2.4505368191934274,UP,0.25,0.0,X,0.57,1.9999999999999907,41.16,2.6433915211969916,,,8.4,34.9
2020-08-14 07:00:00,2020-08-17,2020-08-14 16:00:00,2020-08-17 09:00:00,11696.41,11918.84,1.9016946225380194,O,2020-08-14,3372.85,0.643634670931692,UP,0.25,0.0,X,0.71,14.000000000000002,42.05,2.1622934888241074,0.9968647625897997,,8.4,34.9
2020-08-21 07:00:00,2020-08-24,2020-08-21 16:00:00,2020-08-24 09:00:00,11829.96,11650.01,-1.5211378567636658,X,2020-08-21,3397.16,0.7207554442089092,UP,0.25,0.0,X,0.64,-6.999999999999995,42.32,0.642092746730083,,,8.4,34.9
2020-08-28 07:00:00,2020-08-31,2020-08-28 16:00:00,2020-08-31 09:00:00,11441.81,11716.0,2.3963865856888145,O,2020-08-28,3508.01,3.2630196988072457,UP,0.25,0.0,X,0.74,9.999999999999998,42.96,1.512287334593565,,0.9225840072571545,8.4,34.9
2020-09-04 07:00:00,2020-09-07,2020-09-04 16:00:00,2020-09-07 09:00:00,10237.11,10258.67,0.21060631369596017,O,2020-09-04,3426.96,-2.3104267091598962,DOWN,0.25,0.0,X,0.72,-2.0000000000000018,39.69,-7.611731843575431,,,7.8,34.9
2020-09-11 07:00:00,2020-09-14,2020-09-11 16:00:00,2020-09-14 09:00:00,10263.15,10336.76,0.7172261927381074,O,2020-09-11,3340.97,-2.509221000536921,DOWN,0.25,0.0,X,0.67,-4.999999999999993,37.33,-5.946082136558328,1.2810698495523853,,7.8,34.9
2020-09-18 07:00:00,2020-09-21,2020-09-18 16:00:00,2020-09-21 09:00:00,10969.01,10920.94,-0.43823462646127576,X,2020-09-18,3319.47,-0.643525682661028,DOWN,0.25,0.0,X,0.7,2.9999999999999916,41.09,10.072327886418453,,,7.8,34.9
2020-09-25 07:00:00,2020-09-28,2020-09-25 16:00:00,2020-09-28 09:00:00,10694.06,10779.0,0.7942727084007339,O,2020-09-25,3298.46,-0.6329323657089714,DOWN,0.25,0.0,X,0.66,-3.9999999999999925,40.06,-2.506692625943052,,1.157519050834388,7.8,34.9
2020-10-02 07:00:00,2020-10-05,2020-10-02 16:00:00,2020-10-05 09:00:00,10503.38,10670.01,1.5864416978153884,O,2020-10-02,3348.44,1.5152525724125843,UP,0.25,0.0,X,0.7,3.9999999999999925,36.9,-7.888167748377439,,,6.9,4.6
2020-10-09 07:00:00,2020-10-12,2020-10-09 16:00:00,2020-10-12 09:00:00,10854.0,11374.01,4.790952644186475,O,2020-10-09,3477.13,3.843282244866275,UP,0.25,0.0,X,0.79,9.000000000000007,40.44,9.59349593495935,1.3910228912373812,,6.9,4.6
2020-10-16 07:00:00,2020-10-19,2020-10-16 16:00:00,2020-10-19 09:00:00,11336.86,11514.2,1.5642779393941542,O,2020-10-16,3483.81,0.19211246056374254,UP,0.25,0.0,X,0.76,-3.0000000000000027,40.7,0.6429277942631151,,,6.9,4.6
2020-10-23 07:00:00,2020-10-26,2020-10-23 16:00:00,2020-10-26 09:00:00,12888.7,13045.02,1.2128453606647716,O,2020-10-23,3465.39,-0.5287314750230365,DOWN,0.25,0.0,X,0.85,8.999999999999996,39.73,-2.3832923832924013,,,6.9,4.6
2020-10-30 07:00:00,2020-11-02,2020-10-30 16:00:00,2020-11-02 09:00:00,13213.09,13771.7,4.227701468770739,O,2020-10-30,3269.96,-5.639480693370724,DOWN,0.25,0.0,X,0.88,3.0000000000000027,35.64,-10.294487792600037,,1.27635371578958,6.9,4.6
2020-11-06 07:00:00,2020-11-09,2020-11-06 16:00:00,2020-11-09 09:00:00,15702.74,15482.89,-1.4000741271905426,X,2020-11-06,3509.44,7.3236369863851625,UP,0.25,0.0,X,0.83,-5.000000000000004,36.97,3.731762065095401,,,6.7,4.6
2020-11-13 07:00:00,2020-11-16,2020-11-13 16:00:00,2020-11-16 09:00:00,16322.87,15970.0,-2.161813455599415,X,2020-11-13,3585.15,2.1573242454636654,UP,0.25,0.0,X,0.89,6.000000000000005,39.93,8.006491750067624,1.2303863428671624,,6.7,4.6
2020-11-20 07:00:00,2020-11-23,2020-11-20 16:00:00,2020-11-23 09:00:00,18174.99,18437.18,1.4425867634590084,O,2020-11-20,3557.54,-0.7701211943712316,DOWN,0.25,0.0,X,0.83,-6.000000000000005,41.99,5.159028299524171,,,6.7,4.6
2020-11-27 07:00:00,2020-11-30,2020-11-27 16:00:00,2020-11-30 09:00:00,17296.86,18202.02,5.233088549019871,O,2020-11-27,3638.35,2.2715134615492794,UP,0.25,0.0,X,0.84,1.0000000000000009,45.58,8.549654679685625,,1.1874861668446979,6.7,4.6
2020-12-04 07:00:00,2020-12-07,2020-12-04 16:00:00,2020-12-07 09:00:00,19330.62,19375.6,0.23268782894703133,O,2020-12-04,3699.12,1.6702626190443493,UP,0.25,0.0,X,0.97,13.0,46.23,1.4260640631855948,,,6.7,4.6
2020-12-11 07:00:00,2020-12-14,2020-12-11 16:00:00,2020-12-14 09:00:00,17924.5,19166.65,6.92990041563224,O,2020-12-11,3663.46,-0.9640130625662269,DOWN,0.25,0.0,X,0.9,-6.999999999999995,46.59,0.7787151200519205,1.1757452138405844,,6.7,4.6
2020-12-18 07:00:00,2020-12-21,2020-12-18 16:00:00,2020-12-21 09:00:00,22992.4,23476.51,2.1055218246029073,O,2020-12-18,3709.41,1.2542787419543178,UP,0.25,0.0,X,0.95,4.999999999999993,49.04,5.2586391929598575,,,6.7,4.6
2020-12-25 07:00:00,2020-12-28,2020-12-25 16:00:00,2020-12-28 09:00:00,23617.13,26255.16,11.169985514751367,O,2020-12-25,3703.06,-0.17118625333947257,DOWN,0.25,0.0,X,0.94,-1.0000000000000009,48.18,-1.753670473083191,,1.186264708144269,6.7,4.6
2021-01-01 07:00:00,2021-01-04,2021-01-01 16:00:00,2021-01-04 09:00:00,29233.93,33082.84,13.1659000346515,O,2021-01-01,3756.07,1.4315187979671018,UP,0.25,0.0,X,0.93,-0.9999999999999898,48.35,0.35284350352844385,,,6.4,5.7
2021-01-08 07:00:00,2021-01-11,2021-01-08 16:00:00,2021-01-11 09:00:00,38571.25,38168.89,-1.0431603850017845,X,2021-01-08,3824.68,1.8266432734214133,UP,0.25,0.0,X,1.13,19.999999999999986,52.14,7.838676318510851,1.3204191315779434,,6.4,5.7
2021-01-15 07:00:00,2021-01-18,2021-01-15 16:00:00,2021-01-18 09:00:00,38019.14,35820.01,-5.784270764672739,X,2021-01-15,3768.25,-1.4754175512722623,DOWN,0.25,0.0,X,1.11,-1.9999999999999796,52.25,0.21097046413502962,,,6.4,5.7
2021-01-22 07:00:00,2021-01-25,2021-01-22 16:00:00,2021-01-25 09:00:00,31541.01,32293.18,2.3847365699449785,O,2021-01-22,3841.47,1.9430770251442908,UP,0.25,0.0,X,1.1,-1.0000000000000009,52.28,0.05741626794257826,,,6.4,5.7
2021-01-29 07:00:00,2021-02-01,2021-01-29 16:00:00,2021-02-01 09:00:00,32549.07,33137.75,1.8085923806732351,O,2021-01-29,3714.24,-3.312013369881839,DOWN,0.25,0.0,X,1.11,1.0000000000000009,52.16,-0.2295332823259444,,1.334522131784066,6.4,5.7
2021-02-05 07:00:00,2021-02-08,2021-02-05 16:00:00,2021-02-08 09:00:00,37418.14,38871.43,3.8839183347969763,O,2021-02-05,3886.83,4.64671103644354,UP,0.25,0.0,X,1.19,7.999999999999985,56.8,8.895705521472387,,,6.2,5.7
2021-02-12 07:00:00,2021-02-15,2021-02-12 16:00:00,2021-02-15 09:00:00,47431.45,48667.23,2.6054021118899096,O,2021-02-12,3934.83,1.2349395265550678,UP,0.25,0.0,X,1.2,1.0000000000000009,59.5,4.753521126760574,1.3738437137002402,,6.2,5.7
2021-02-19 07:00:00,2021-02-22,2021-02-19 16:00:00,2021-02-22 09:00:00,51687.66,57489.16,11.224149052210919,O,2021-02-19,3906.71,-0.7146433263952923,DOWN,0.25,0.0,X,1.34,14.000000000000012,59.12,-0.6386554621848783,,,6.2,5.7
2021-02-26 07:00:00,2021-03-01,2021-02-26 16:00:00,2021-03-01 09:00:00,46084.01,45231.74,-1.849383332743837,X,2021-02-26,3811.15,-2.4460479533930046,DOWN,0.25,0.0,X,1.44,9.999999999999986,61.55,4.110284167794309,,1.5857976839888988,6.2,5.7
2021-03-05 07:00:00,2021-03-08,2021-03-05 16:00:00,2021-03-08 09:00:00,47398.12,50976.22,7.549033590361809,O,2021-03-05,3841.94,0.8078926308332068,UP,0.25,0.0,X,1.56,12.00000000000001,66.08,7.359870024370441,,,6.1,5.7
2021-03-12 07:00:00,2021-03-15,2021-03-12 16:00:00,2021-03-15 09:00:00,57051.1,58972.71,3.3682260289459753,O,2021-03-12,3943.34,2.6392916078856077,UP,0.25,0.0,X,1.64,7.999999999999985,65.59,-0.741525423728806,1.6698167791706853,,6.1,5.7
2021-03-19 07:00:00,2021-03-22,2021-03-19 16:00:00,2021-03-22 09:00:00,58109.46,57377.29,-1.2599841746937512,X,2021-03-19,3913.1,-0.7668626088544239,DOWN,0.25,0.0,X,1.74,10.000000000000009,61.43,-6.342430248513498,,,6.1,5.7
2021-03-26 07:00:00,2021-03-29,2021-03-26 16:00:00,2021-03-29 09:00:00,52602.16,55781.22,6.043592126254893,O,2021-03-26,3974.54,1.570110653957224,UP,0.25,0.0,X,1.67,-7.000000000000006,60.93,-0.8139345596614,,1.8427318715156016,6.1,5.7
2021-04-02 07:00:00,2021-04-05,2021-04-02 16:00:00,2021-04-05 09:00:00,59512.61,58216.73,-2.177488098740754,X,2021-04-02,4019.87,1.140509341961593,UP,0.25,0.0,X,1.72,5.000000000000004,61.41,0.7877892663712416,,,6.1,7.0
2021-04-09 07:00:00,2021-04-12,2021-04-09 16:00:00,2021-04-12 09:00:00,57841.47,59983.66,3.7035538688764413,O,2021-04-09,4128.8,2.709789122533812,UP,0.25,0.0,X,1.67,-5.000000000000004,59.29,-3.452206481029141,2.6678187820641908,,6.1,7.0
2021-04-16 07:00:00,2021-04-19,2021-04-16 16:00:00,2021-04-19 09:00:00,61514.75,56273.65,-8.520070389622003,X,2021-04-16,4185.47,1.372553768649487,UP,0.25,0.0,X,1.59,-7.999999999999985,63.16,6.527238994771456,,,6.1,7.0
2021-04-23 07:00:00,2021-04-26,2021-04-23 16:00:00,2021-04-26 09:00:00,49057.23,49121.0,0.12999103292214986,O,2021-04-23,4180.17,-0.1266285506765108,DOWN,0.25,0.0,X,1.58,-1.0000000000000009,62.18,-1.5516149461684559,,,6.1,7.0
2021-04-30 07:00:00,2021-05-03,2021-04-30 16:00:00,2021-05-03 09:00:00,54456.19,56625.21,3.9830550025625966,O,2021-04-30,4181.17,0.02392247205256215,UP,0.25,0.0,X,1.65,6.999999999999984,63.5,2.1228690897394653,,2.669006722866385,6.1,7.0
2021-05-07 07:00:00,2021-05-10,2021-05-07 16:00:00,2021-05-10 09:00:00,56149.19,58313.84,3.855175827113433,O,2021-05-07,4232.6,1.2300384820516763,UP,0.25,0.0,X,1.6,-4.999999999999982,64.96,2.299212598425182,,,5.8,7.0
2021-05-14 07:00:00,2021-05-17,2021-05-14 16:00:00,2021-05-17 09:00:00,49105.82,46450.78,-5.406772557713124,X,2021-05-14,4173.85,-1.388035722723624,DOWN,0.25,0.0,X,1.63,2.9999999999999805,65.32,0.5541871921182162,4.133077115360573,,5.8,7.0
2021-05-21 07:00:00,2021-05-24,2021-05-21 16:00:00,2021-05-24 09:00:00,40630.46,34758.88,-14.451177761708834,X,2021-05-21,4155.86,-0.43101692681818404,DOWN,0.25,0.0,X,1.63,0.0,63.61,-2.6178812002449425,,,5.8,7.0
2021-05-28 07:00:00,2021-05-31,2021-05-28 16:00:00,2021-05-31 09:00:00,36962.42,35669.44,-3.498093468988217,X,2021-05-28,4204.11,1.1610111986448013,UP,0.25,0.0,X,1.58,-4.999999999999982,66.31,4.244615626473824,,3.6402858298503427,5.8,7.0
2021-06-04 07:00:00,2021-06-07,2021-06-04 16:00:00,2021-06-07 09:00:00,36787.24,35800.48,-2.6823431167980916,X,2021-06-04,4229.89,0.6132094545575839,UP,0.25,0.0,X,1.56,-2.0000000000000018,69.57,4.916302216860191,,,5.9,7.0
2021-06-11 07:00:00,2021-06-14,2021-06-11 16:00:00,2021-06-14 09:00:00,36526.79,39015.24,6.812670919070629,O,2021-06-11,4247.44,0.41490440649754046,UP,0.25,0.0,X,1.47,-9.000000000000007,71.0,2.0554836854966396,4.918257089467626,,5.9,7.0
2021-06-18 07:00:00,2021-06-21,2021-06-18 16:00:00,2021-06-21 09:00:00,37464.56,35585.79,-5.014792646703969,X,2021-06-18,4166.45,-1.906795622775126,DOWN,0.25,0.0,X,1.45,-2.0000000000000018,71.64,0.901408450704233,,,5.9,7.0
2021-06-25 07:00:00,2021-06-28,2021-06-25 16:00:00,2021-06-28 09:00:00,34420.27,34708.53,0.8374716409836447,O,2021-06-25,4280.7,2.7421425914147646,UP,0.25,0.0,X,1.54,9.000000000000007,74.21,3.587381351200447,,4.07246348925363,5.9,7.0
2021-07-02 07:00:00,2021-07-05,2021-07-02 16:00:00,2021-07-05 09:00:00,32960.49,35284.06,7.04956145979625,O,2021-07-02,4352.34,1.6735580629336333,UP,0.25,0.0,X,1.44,-10.000000000000009,75.37,1.5631316534159945,,,5.4,3.3
2021-07-09 07:00:00,2021-07-12,2021-07-09 16:00:00,2021-07-12 09:00:00,32873.28,34259.22,4.216007651198783,O,2021-07-09,4369.55,0.3954194755005469,UP,0.25,0.0,X,1.37,-6.999999999999984,74.56,-1.0746981557648971,5.295632620349999,,5.4,3.3
2021-07-16 07:00:00,2021-07-19,2021-07-16 16:00:00,2021-07-19 09:00:00,31613.29,31786.37,0.5474912607956961,O,2021-07-16,4327.16,-0.9701227815221314,DOWN,0.25,0.0,X,1.31,-6.000000000000005,71.76,-3.7553648068669454,,,5.4,3.3
2021-07-23 07:00:00,2021-07-26,2021-07-23 16:00:00,2021-07-26 09:00:00,32592.0,35428.25,8.70228890525282,O,2021-07-23,4411.79,1.9557862431710538,UP,0.25,0.0,X,1.3,-1.0000000000000009,72.24,0.6688963210702115,,,5.4,3.3
2021-07-30 07:00:00,2021-08-02,2021-07-30 16:00:00,2021-08-02 09:00:00,39858.49,39859.18,0.0017311242849427089,O,2021-07-30,4395.26,-0.3746778518469718,DOWN,0.25,0.0,X,1.24,-6.000000000000005,73.93,2.3394241417497463,,4.306128320705871,5.4,3.3
2021-08-06 07:00:00,2021-08-09,2021-08-06 16:00:00,2021-08-09 09:00:00,41037.73,43829.15,6.802081889032352,O,2021-08-06,4436.52,0.9387385501654189,UP,0.25,0.0,X,1.31,7.000000000000006,68.26,-7.669417016096314,,,5.1,3.3
2021-08-13 07:00:00,2021-08-16,2021-08-13 16:00:00,2021-08-16 09:00:00,45862.04,47014.38,2.512622639551143,O,2021-08-13,4468.0,0.7095651546707771,UP,0.25,0.0,X,1.29,-2.0000000000000018,68.36,0.14649868151186407,5.245169381309234,,5.1,3.3
2021-08-20 07:00:00,2021-08-23,2021-08-20 16:00:00,2021-08-23 09:00:00,47171.23,49284.38,4.479743267241476,O,2021-08-20,4441.67,-0.589301700984779,DOWN,0.25,0.0,X,1.26,-3.0000000000000027,62.25,-8.937975424224687,,,5.1,3.3
2021-08-27 07:00:00,2021-08-30,2021-08-27 16:00:00,2021-08-30 09:00:00,47187.98,48802.58,3.4216340686759494,O,2021-08-27,4509.37,1.5242014827756112,UP,0.25,0.0,X,1.31,5.000000000000004,68.84,10.586345381526119,,4.473216164011551,5.1,3.3
2021-09-03 07:00:00,2021-09-06,2021-09-03 16:00:00,2021-09-06 09:00:00,49413.66,51789.17,4.8073953639540035,O,2021-09-03,4535.43,0.5779077786919329,UP,0.25,0.0,X,1.33,2.0000000000000018,69.34,0.7263219058686765,,,4.7,3.3
2021-09-10 07:00:00,2021-09-13,2021-09-10 16:00:00,2021-09-13 09:00:00,46390.36,46027.8,-0.7815416823667598,X,2021-09-10,4458.58,-1.694436911163888,DOWN,0.25,0.0,X,1.35,2.0000000000000018,69.82,0.6922411306605092,5.152015301793966,,4.7,3.3
2021-09-17 07:00:00,2021-09-20,2021-09-17 16:00:00,2021-09-20 09:00:00,48071.08,47253.71,-1.7003362520667364,X,2021-09-17,4432.99,-0.5739495534452743,DOWN,0.25,0.0,X,1.37,2.0000000000000018,72.09,3.2512174162131258,,,4.7,3.3
2021-09-24 07:00:00,2021-09-27,2021-09-24 16:00:00,2021-09-27 09:00:00,44139.24,43172.17,-2.190952993300288,X,2021-09-24,4455.48,0.5073325227442416,UP,0.25,0.0,X,1.47,9.999999999999986,74.18,2.8991538354834256,,4.580909697720981,4.7,3.3
2021-10-01 07:00:00,2021-10-04,2021-10-01 16:00:00,2021-10-04 09:00:00,43999.99,48233.99,9.622729459711232,O,2021-10-01,4357.04,-2.2094140249759753,DOWN,0.25,0.0,X,1.48,1.0000000000000009,76.01,2.466972229711506,,,4.5,7.0
2021-10-08 07:00:00,2021-10-11,2021-10-08 16:00:00,2021-10-11 09:00:00,54132.76,54683.09,1.0166302253939996,O,2021-10-08,4391.34,0.7872316985843675,UP,0.25,0.0,X,1.61,13.00000000000001,79.55,4.657281936587276,5.351215590949132,,4.5,7.0
2021-10-15 07:00:00,2021-10-18,2021-10-15 16:00:00,2021-10-18 09:00:00,59644.2,61530.07,3.1618665352205255,O,2021-10-15,4471.37,1.8224505504014665,UP,0.25,0.0,X,1.59,-2.0000000000000018,82.39,3.5700817096165904,,,4.5,7.0
2021-10-22 07:00:00,2021-10-25,2021-10-22 16:00:00,2021-10-25 09:00:00,62740.01,60847.91,-3.015778926398005,X,2021-10-22,4544.9,1.6444624354504223,UP,0.25,0.0,X,1.66,6.999999999999984,84.53,2.5974025974025983,,,4.5,7.0
2021-10-29 07:00:00,2021-11-01,2021-10-29 16:00:00,2021-11-01 09:00:00,61374.04,61346.17,-0.04541007891936122,X,2021-10-29,4605.38,1.3307223481264785,UP,0.25,0.0,X,1.55,-10.999999999999988,83.5,-1.2185023068733036,,4.737428253233955,4.5,7.0
2021-11-05 07:00:00,2021-11-08,2021-11-05 16:00:00,2021-11-08 09:00:00,62216.98,63309.12,1.7553728901659849,O,2021-11-05,4697.53,2.000920662355754,UP,0.25,0.0,X,1.45,-10.000000000000009,81.25,-2.6946107784431184,,,4.1,7.0
2021-11-12 07:00:00,2021-11-15,2021-11-12 16:00:00,2021-11-15 09:00:00,64522.85,65505.03,1.5222204226874592,O,2021-11-12,4682.85,-0.31250465670255023,DOWN,0.25,0.0,X,1.58,13.00000000000001,80.87,-0.4676923076923023,6.235042390298062,,4.1,7.0
2021-11-19 07:00:00,2021-11-22,2021-11-19 16:00:00,2021-11-22 09:00:00,56313.74,58671.22,4.1863317904298425,O,2021-11-19,4697.96,0.3226667520847215,UP,0.25,0.0,X,1.54,-4.0000000000000036,76.11,-5.88598986026957,,,4.1,7.0
2021-11-26 07:00:00,2021-11-29,2021-11-26 16:00:00,2021-11-29 09:00:00,57607.74,57318.51,-0.5020679512857007,X,2021-11-26,4594.62,-2.199678158179297,DOWN,0.25,0.0,X,1.48,-6.000000000000005,78.32,2.903692024701088,,5.336135652537788,4.1,7.0
2021-12-03 07:00:00,2021-12-06,2021-12-03 16:00:00,2021-12-06 09:00:00,56900.0,49484.21,-13.033022847100174,X,2021-12-03,4538.43,-1.2229520613238898,DOWN,0.25,0.0,X,1.35,-12.99999999999999,66.39,-15.232379979570986,,,3.9,7.0
2021-12-10 07:00:00,2021-12-13,2021-12-10 16:00:00,2021-12-13 09:00:00,47875.29,50089.64,4.625246134279282,O,2021-12-10,4712.02,3.8248909865305825,UP,0.25,0.0,X,1.48,12.99999999999999,71.71,8.013255008284359,6.901970403700863,,3.9,7.0
2021-12-17 07:00:00,2021-12-20,2021-12-17 16:00:00,2021-12-20 09:00:00,47432.97,46687.2,-1.5722608135227523,X,2021-12-17,4620.64,-1.9392956736176914,DOWN,0.25,0.0,X,1.41,-7.000000000000006,70.93,-1.087714405243323,,,3.9,7.0
2021-12-24 07:00:00,2021-12-27,2021-12-24 16:00:00,2021-12-27 09:00:00,50918.52,50804.33,-0.22426024951235357,X,2021-12-24,4725.79,2.275658783198864,UP,0.25,0.0,X,1.5,9.000000000000007,73.89,4.173128436486673,,,3.9,7.0
2021-12-31 07:00:00,2022-01-03,2021-12-31 16:00:00,2022-01-03 09:00:00,47392.92,47299.06,-0.1980464592601594,X,2021-12-31,4766.18,0.8546719172879191,UP,0.25,0.0,X,1.52,2.0000000000000018,75.33,1.948842874543244,,5.93019057933839,3.9,7.0
2022-01-07 07:00:00,2022-01-10,2022-01-07 16:00:00,2022-01-10 09:00:00,41505.97,41876.52,0.8927631374474387,O,2022-01-07,4677.03,-1.8704706914132618,DOWN,0.25,0.0,X,1.76,24.0,79.0,4.871896986592339,,,4.0,-1.0
2022-01-14 07:00:00,2022-01-17,2022-01-14 16:00:00,2022-01-17 09:00:00,42829.95,43104.34,0.64064982564771,O,2022-01-14,4662.85,-0.3031838581321722,DOWN,0.25,0.0,X,1.78,2.0000000000000018,83.82,6.101265822784807,7.174340285065539,,4.0,-1.0
2022-01-21 07:00:00,2022-01-24,2022-01-21 16:00:00,2022-01-24 09:00:00,38690.23,36275.28,-6.241756639854568,X,2022-01-21,4397.94,-5.681289340210405,DOWN,0.25,0.0,X,1.75,-3.0000000000000027,85.16,1.5986638033882228,,,4.0,-1.0
2022-01-28 07:00:00,2022-01-31,2022-01-28 16:00:00,2022-01-31 09:00:00,36928.98,37904.99,2.642937876973561,O,2022-01-28,4431.85,0.7710428064048314,UP,0.25,0.0,X,1.78,3.0000000000000027,87.67,2.9473931423203537,,6.141969176624196,4.0,-1.0
2022-02-04 07:00:00,2022-02-07,2022-02-04 16:00:00,2022-02-07 09:00:00,38016.44,42416.06,11.572940548878318,O,2022-02-04,4500.53,1.5496914381127436,UP,0.25,0.0,X,1.93,14.999999999999991,92.27,5.246948785217276,,,3.9,-1.0
2022-02-11 07:00:00,2022-02-14,2022-02-11 16:00:00,2022-02-14 09:00:00,43275.89,42073.37,-2.778729680660519,X,2022-02-11,4418.64,-1.8195634736353106,DOWN,0.25,0.0,X,1.92,-1.0000000000000009,93.1,0.8995339763736787,7.558805726967832,,3.9,-1.0
2022-02-18 07:00:00,2022-02-21,2022-02-18 16:00:00,2022-02-21 09:00:00,40743.09,38395.99,-5.760731451640022,X,2022-02-18,4348.87,-1.5789926312168578,DOWN,0.25,0.0,X,1.92,0.0,91.26,-1.9763694951664745,,,3.9,-1.0
2022-02-25 07:00:00,2022-02-28,2022-02-25 16:00:00,2022-02-28 09:00:00,38723.32,37716.57,-2.5998545579253074,X,2022-02-25,4384.65,0.8227424595354638,UP,0.25,0.0,X,1.97,5.000000000000004,91.68,0.460223537146609,,6.272433512016362,3.9,-1.0
2022-03-04 07:00:00,2022-03-07,2022-03-04 16:00:00,2022-03-07 09:00:00,41407.21,38406.82,-7.246056906514586,X,2022-03-04,4328.87,-1.2721653951854761,DOWN,0.25,0.0,X,1.74,-23.0,115.77,26.276178010471195,,,3.7,-1.0
2022-03-11 07:00:00,2022-03-14,2022-03-11 16:00:00,2022-03-14 09:00:00,38969.9,37793.4,-3.0189967128476103,X,2022-03-11,4204.31,-2.8774252865066297,DOWN,0.25,0.0,X,2.0,26.0,109.31,-5.580029368575623,7.937278766517819,,3.7,-1.0
2022-03-18 07:00:00,2022-03-21,2022-03-18 16:00:00,2022-03-21 09:00:00,40767.45,41287.24,1.2750122953483656,O,2022-03-18,4463.12,6.155825807326276,UP,0.5,25.0,O,2.14,14.000000000000012,104.69,-4.226511755557594,,,3.7,-1.0
2022-03-25 07:00:00,2022-03-28,2022-03-25 16:00:00,2022-03-28 09:00:00,44136.91,46850.01,6.147009385115543,O,2022-03-25,4543.06,1.7911236982200984,UP,0.5,0.0,X,2.48,33.999999999999986,116.2,10.994364313688031,,6.545539906103293,3.7,-1.0
2022-04-01 07:00:00,2022-04-04,2022-04-01 16:00:00,2022-04-04 09:00:00,44825.5,46420.08,3.557305551527601,O,2022-04-01,4545.86,0.06163246798411848,UP,0.5,0.0,X,2.39,-8.999999999999986,99.32,-14.526678141135985,,,3.7,0.6
2022-04-08 07:00:00,2022-04-11,2022-04-08 16:00:00,2022-04-11 09:00:00,43583.99,42165.96,-3.253557097457116,X,2022-04-08,4488.28,-1.266647015086253,DOWN,0.5,0.0,X,2.72,33.00000000000001,98.35,-0.9766411598872371,8.572204966013853,,3.7,0.6
2022-04-15 07:00:00,2022-04-18,2022-04-15 16:00:00,2022-04-18 09:00:00,40046.01,39681.11,-0.9112018900260033,X,2022-04-15,4392.59,-2.1319971124796,DOWN,0.5,0.0,X,2.83,10.999999999999988,106.84,8.632435180477893,,,3.7,0.6
2022-04-22 07:00:00,2022-04-25,2022-04-22 16:00:00,2022-04-25 09:00:00,40689.61,39463.75,-3.0127101242798826,X,2022-04-22,4271.78,-2.7503135963065195,DOWN,0.5,0.0,X,2.9,6.999999999999984,102.86,-3.7251965555971545,,,3.7,0.6
2022-04-29 07:00:00,2022-05-02,2022-04-29 16:00:00,2022-05-02 09:00:00,39454.33,38469.49,-2.4961518799077376,X,2022-04-29,4131.93,-3.27381091722887,DOWN,0.5,0.0,X,2.89,-0.9999999999999787,104.59,1.6818977250631972,,6.926410970164576,3.7,0.6
2022-05-06 07:00:00,2022-05-09,2022-05-06 16:00:00,2022-05-09 09:00:00,36402.55,34033.49,-6.50795067927935,X,2022-05-06,4123.34,-0.20789316372736844,DOWN,1.0,50.0,O,3.12,23.0,109.72,4.9048666220479875,,,3.6,0.6
2022-05-13 07:00:00,2022-05-16,2022-05-13 16:00:00,2022-05-16 09:00:00,30314.86,31290.02,3.216772236454335,O,2022-05-13,4023.89,-2.411879689766072,DOWN,1.0,0.0,X,2.93,-18.999999999999993,110.52,0.7291286912139983,8.231750770777225,,3.6,0.6
2022-05-20 07:00:00,2022-05-23,2022-05-20 16:00:00,2022-05-23 09:00:00,29975.12,30258.04,0.9438494324626623,O,2022-05-20,3901.36,-3.0450633590878406,DOWN,1.0,0.0,X,2.78,-15.000000000000036,112.63,1.909156713716964,,,3.6,0.6
2022-05-27 07:00:00,2022-05-30,2022-05-27 16:00:00,2022-05-30 09:00:00,28939.51,29447.08,1.7538997723182126,O,2022-05-27,4158.24,6.5843705784649265,UP,1.0,0.0,X,2.74,-3.999999999999959,114.96,2.0687205895409733,,6.684755338326309,3.6,0.6
2022-06-03 07:00:00,2022-06-06,2022-06-03 16:00:00,2022-06-06 09:00:00,30340.12,29899.62,-1.4518729655650708,X,2022-06-03,4108.54,-1.1952172072799971,DOWN,1.0,0.0,X,2.96,21.999999999999975,118.97,3.488169798190688,,,3.6,0.6
2022-06-10 07:00:00,2022-06-13,2022-06-10 16:00:00,2022-06-13 09:00:00,30069.5,26555.17,-11.687357621510175,X,2022-06-10,3900.86,-5.054836998057699,DOWN,1.0,0.0,X,3.15,18.999999999999993,120.73,1.4793645456837812,8.538171195642065,,3.6,0.6
2022-06-17 07:00:00,2022-06-20,2022-06-17 16:00:00,2022-06-20 09:00:00,20869.63,20552.39,-1.5201036146783697,X,2022-06-17,3674.84,-5.7941069405208045,DOWN,1.75,75.0,O,3.25,10.000000000000009,109.56,-9.252050028990311,,,3.6,0.6
2022-06-24 07:00:00,2022-06-27,2022-06-24 16:00:00,2022-06-27 09:00:00,20826.45,21024.85,0.9526347505215638,O,2022-06-24,3911.74,6.4465391690522456,UP,1.75,0.0,X,3.13,-12.00000000000001,109.07,-0.4472435195326807,,6.794545874740021,3.6,0.6
2022-07-01 07:00:00,2022-07-04,2022-07-01 16:00:00,2022-07-04 09:00:00,19370.98,19291.35,-0.41107884061623023,X,2022-07-01,3825.33,-2.2089913951336193,DOWN,1.75,0.0,X,2.88,-25.0,110.3,1.1277161455945706,,,3.5,2.9
2022-07-08 07:00:00,2022-07-11,2022-07-08 16:00:00,2022-07-11 09:00:00,21821.47,20850.65,-4.4489211771709165,X,2022-07-08,3899.38,1.93578070388698,UP,1.75,0.0,X,3.09,20.999999999999996,106.78,-3.1912964641885755,8.979361103105798,,3.5,2.9
2022-07-15 07:00:00,2022-07-18,2022-07-15 16:00:00,2022-07-18 09:00:00,20589.55,20791.74,0.9820030063794505,O,2022-07-15,3863.16,-0.9288656145336027,DOWN,1.75,0.0,X,2.93,-15.99999999999997,99.59,-6.733470687394638,,,3.5,2.9
2022-07-22 07:00:00,2022-07-25,2022-07-22 16:00:00,2022-07-25 09:00:00,23168.99,22583.37,-2.52760262747751,X,2022-07-22,3961.63,2.5489495646051408,UP,1.75,0.0,X,2.77,-16.000000000000014,97.71,-1.887739732904925,,,3.5,2.9
2022-07-29 07:00:00,2022-08-01,2022-07-29 16:00:00,2022-08-01 09:00:00,23949.85,23307.44,-2.68231325039614,X,2022-07-29,4130.29,4.257338519750697,UP,2.5,75.0,O,2.67,-10.000000000000009,101.31,3.6843721215842784,,7.243471864656126,3.5,2.9
2022-08-05 07:00:00,2022-08-08,2022-08-05 16:00:00,2022-08-08 09:00:00,23285.29,23180.26,-0.45105729840599906,X,2022-08-05,4145.19,0.36074948732411904,UP,2.5,0.0,X,2.83,16.000000000000014,91.77,-9.416641989931895,,,3.6,2.9
2022-08-12 07:00:00,2022-08-15,2022-08-12 16:00:00,2022-08-15 09:00:00,23963.26,24316.58,1.4744237637116298,O,2022-08-12,4280.15,3.255821807926784,UP,2.5,0.0,X,2.84,0.9999999999999787,94.86,3.367113435763325,8.462576727730099,,3.6,2.9
2022-08-19 07:00:00,2022-08-22,2022-08-19 16:00:00,2022-08-22 09:00:00,21912.3,21514.45,-1.8156469197665226,X,2022-08-19,4228.48,-1.2072006822190784,DOWN,2.5,0.0,X,2.98,14.000000000000012,93.55,-1.3809825005270948,,,3.6,2.9
2022-08-26 07:00:00,2022-08-29,2022-08-26 16:00:00,2022-08-29 09:00:00,21424.59,19552.31,-8.738930359927533,X,2022-08-26,4057.66,-4.039749508097468,DOWN,2.5,0.0,X,3.04,6.000000000000005,93.63,0.085515766969535,,6.7502013619389345,3.6,2.9
2022-09-02 07:00:00,2022-09-05,2022-09-02 16:00:00,2022-09-05 09:00:00,20105.37,20003.85,-0.5049397250585286,X,2022-09-02,3924.26,-3.287609114612844,DOWN,2.5,0.0,X,3.2,16.000000000000014,87.29,-6.7713339741535705,,,3.5,2.9
2022-09-09 07:00:00,2022-09-12,2022-09-09 16:00:00,2022-09-12 09:00:00,20697.68,21830.16,5.471531108800587,O,2022-09-09,4067.36,3.646547374536846,UP,2.5,0.0,X,3.33,12.99999999999999,87.27,-0.022912131973895633,8.222579178218826,,3.5,2.9
2022-09-16 07:00:00,2022-09-19,2022-09-16 16:00:00,2022-09-19 09:00:00,19761.85,19417.56,-1.7421951892155674,X,2022-09-16,3873.33,-4.770416191337878,DOWN,2.5,0.0,X,3.45,12.00000000000001,85.57,-1.9479775409648292,,,3.5,2.9
2022-09-23 07:00:00,2022-09-26,2022-09-23 16:00:00,2022-09-26 09:00:00,19329.87,18806.3,-2.7086059037127463,X,2022-09-23,3693.23,-4.649745825943052,DOWN,3.25,75.0,O,3.69,23.99999999999998,79.07,-7.596120135561524,,,3.5,2.9
2022-09-30 07:00:00,2022-10-03,2022-09-30 16:00:00,2022-10-03 09:00:00,19446.4,19059.1,-1.991628270528234,X,2022-09-30,3585.62,-2.9137096796029494,DOWN,3.25,0.0,X,3.83,14.000000000000012,79.91,1.062349816618191,,6.6396775899483895,3.5,2.9
2022-10-07 07:00:00,2022-10-10,2022-10-07 16:00:00,2022-10-10 09:00:00,19856.98,19442.7,-2.086319269093284,X,2022-10-07,3639.66,1.5071312632124911,UP,3.25,0.0,X,3.89,6.000000000000005,93.07,16.468527092979592,,,3.6,2.8
2022-10-14 07:00:00,2022-10-17,2022-10-14 16:00:00,2022-10-17 09:00:00,19794.76,19261.62,-2.6933390452826833,X,2022-10-14,3583.07,-1.554815559695133,DOWN,3.25,0.0,X,4.0,10.999999999999988,86.1,-7.488986784140971,8.192106896425821,,3.6,2.8
2022-10-21 07:00:00,2022-10-24,2022-10-21 16:00:00,2022-10-24 09:00:00,19035.93,19572.2,2.8171463122631746,O,2022-10-21,3752.75,4.735603825769519,UP,3.25,0.0,X,4.21,20.999999999999996,85.47,-0.7317073170731603,,,3.6,2.8
2022-10-28 07:00:00,2022-10-31,2022-10-28 16:00:00,2022-10-31 09:00:00,20261.8,20629.21,1.8133137233611984,O,2022-10-28,3901.06,3.9520351742055704,UP,3.25,0.0,X,4.02,-19.00000000000004,87.85,2.7846027846027743,,6.667939000672507,3.6,2.8
2022-11-04 07:00:00,2022-11-07,2022-11-04 16:00:00,2022-11-07 09:00:00,20607.01,20908.15,1.4613473764510276,O,2022-11-04,3770.55,-3.3455009664040025,DOWN,4.0,75.0,O,4.17,15.000000000000036,92.58,5.38417757541263,,,3.6,2.8
2022-11-11 07:00:00,2022-11-14,2022-11-11 16:00:00,2022-11-14 09:00:00,17217.69,16298.75,-5.337185185701443,X,2022-11-11,3992.93,5.897813316359679,UP,4.0,0.0,X,3.82,-35.00000000000001,89.14,-3.7157053359256786,7.758813957693,,3.6,2.8
2022-11-18 07:00:00,2022-11-21,2022-11-18 16:00:00,2022-11-21 09:00:00,16778.39,16252.43,-3.134746540043465,X,2022-11-18,3965.34,-0.6909712917581801,DOWN,4.0,0.0,X,3.82,0.0,80.07,-10.175005609154153,,,3.6,2.8
2022-11-25 07:00:00,2022-11-28,2022-11-25 16:00:00,2022-11-28 09:00:00,16413.24,16421.63,0.05111726874156286,O,2022-11-25,4026.12,1.532781552149376,UP,4.0,0.0,X,3.68,-13.999999999999968,76.45,-4.521044086424364,,6.461602354598139,3.6,2.8
2022-12-02 07:00:00,2022-12-05,2022-12-02 16:00:00,2022-12-05 09:00:00,16912.27,17108.9,1.162647001260031,O,2022-12-02,4071.7,1.1321073390758274,UP,4.0,0.0,X,3.51,-17.000000000000036,79.86,4.460431654676245,,,3.5,2.8
2022-12-09 07:00:00,2022-12-12,2022-12-09 16:00:00,2022-12-12 09:00:00,17218.05,17085.62,-0.7691347161844719,X,2022-12-09,3934.38,-3.3725470933516632,DOWN,4.0,0.0,X,3.57,6.000000000000005,71.05,-11.031805659904837,7.122856456533988,,3.5,2.8
2022-12-16 07:00:00,2022-12-19,2022-12-16 16:00:00,2022-12-19 09:00:00,17422.11,16742.33,-3.9018236023076303,X,2022-12-16,3852.36,-2.0846994952190667,DOWN,4.5,50.0,O,3.48,-8.999999999999986,74.19,4.419422941590434,,,3.5,2.8
2022-12-23 07:00:00,2022-12-26,2022-12-23 16:00:00,2022-12-26 09:00:00,16839.85,16829.19,-0.06330222656377726,X,2022-12-23,3844.82,-0.19572417946401854,DOWN,4.5,0.0,X,3.75,27.0,79.57,7.251651165925321,,,3.5,2.8
2022-12-30 07:00:00,2023-01-02,2022-12-30 16:00:00,2023-01-02 09:00:00,16537.68,16611.9,0.4487933011160017,O,2022-12-30,3839.5,-0.1383679860175513,DOWN,4.5,0.0,X,3.88,12.99999999999999,80.16,0.7414854844790764,,6.030493273542614,3.5,2.8
2023-01-06 07:00:00,2023-01-09,2023-01-06 16:00:00,2023-01-09 09:00:00,16780.16,17125.17,2.056059060223503,O,2023-01-06,3895.08,1.447584320875106,UP,4.5,0.0,X,3.55,-33.00000000000001,73.77,-7.971556886227549,,,3.5,2.9
2023-01-13 07:00:00,2023-01-16,2023-01-13 16:00:00,2023-01-16 09:00:00,18853.99,20879.67,10.744038794971233,O,2023-01-13,3999.09,2.6702917526726155,UP,4.5,0.0,X,3.49,-5.999999999999961,79.9,8.309610952961922,6.404600402357152,,3.5,2.9
2023-01-20 07:00:00,2023-01-23,2023-01-20 16:00:00,2023-01-23 09:00:00,20947.06,22714.81,8.43913179224196,O,2023-01-20,3972.61,-0.6621506392704313,DOWN,4.5,0.0,X,3.48,-1.000000000000023,81.27,1.714643304130159,,,3.5,2.9
2023-01-27 07:00:00,2023-01-30,2023-01-27 16:00:00,2023-01-30 09:00:00,23008.78,23744.34,3.196866587450531,O,2023-01-27,4070.56,2.4656334248768452,UP,4.5,0.0,X,3.52,4.0000000000000036,79.73,-1.8949181739879362,,5.520050627946982,3.5,2.9
2023-02-03 07:00:00,2023-02-06,2023-02-03 16:00:00,2023-02-06 09:00:00,23518.27,22936.34,-2.4743741780326567,X,2023-02-03,4136.48,1.6194331983805599,UP,4.75,25.0,O,3.53,0.9999999999999787,73.4,-7.939295121033485,,,3.6,2.9
2023-02-10 07:00:00,2023-02-13,2023-02-10 16:00:00,2023-02-13 09:00:00,21879.95,21789.79,-0.41206675517997393,X,2023-02-10,4090.46,-1.1125401307391702,DOWN,4.75,0.0,X,3.74,21.000000000000043,79.74,8.63760217983649,6.327178517960097,,3.6,2.9
2023-02-17 07:00:00,2023-02-20,2023-02-17 16:00:00,2023-02-20 09:00:00,23670.9,24278.81,2.5681744251380367,O,2023-02-17,4079.09,-0.27796384758682624,DOWN,4.75,0.0,X,3.82,7.999999999999963,76.31,-4.301479809380481,,,3.6,2.9
2023-02-24 07:00:00,2023-02-27,2023-02-24 16:00:00,2023-02-27 09:00:00,23893.85,23556.83,-1.4104884729752465,X,2023-02-24,3970.04,-2.6733903885425514,DOWN,4.75,0.0,X,3.95,13.000000000000034,76.19,-0.15725330887171873,,5.507734586232882,3.6,2.9
2023-03-03 07:00:00,2023-03-06,2023-03-03 16:00:00,2023-03-06 09:00:00,22384.54,22431.99,0.21197665889047812,O,2023-03-03,4045.64,1.904262929340761,UP,4.75,0.0,X,3.97,2.0000000000000018,79.62,4.501903136894625,,,3.5,2.9
2023-03-10 07:00:00,2023-03-13,2023-03-10 16:00:00,2023-03-13 09:00:00,19876.79,22216.02,11.768650773087597,O,2023-03-10,3861.59,-4.549342007692225,DOWN,4.75,0.0,X,3.7,-27.0,76.55,-3.8558151218286985,5.957820738137087,,3.5,2.9
2023-03-17 07:00:00,2023-03-20,2023-03-17 16:00:00,2023-03-20 09:00:00,26207.17,28058.15,7.06287630446174,O,2023-03-17,3916.64,1.4255785829153211,UP,4.75,0.0,X,3.39,-31.000000000000007,66.61,-12.984977139124753,,,3.5,2.9
2023-03-24 07:00:00,2023-03-27,2023-03-24 16:00:00,2023-03-27 09:00:00,28305.18,27995.27,-1.0948879321735494,X,2023-03-24,3970.99,1.3876690224273736,UP,5.0,25.0,O,3.38,-1.000000000000023,69.22,3.918330580993845,,,3.5,2.9
2023-03-31 07:00:00,2023-04-03,2023-03-31 16:00:00,2023-04-03 09:00:00,28087.98,28188.34,0.3573058653559391,O,2023-03-31,4109.31,3.483262360267858,UP,5.0,0.0,X,3.48,10.000000000000009,75.68,9.33256284310895,,5.197803844154003,3.5,2.9
2023-04-07 07:00:00,2023-04-10,2023-04-07 16:00:00,2023-04-10 09:00:00,27979.56,28342.28,1.296374925123911,O,2023-04-07,4105.02,-0.10439708856231356,DOWN,5.0,0.0,X,3.39,-8.999999999999986,80.7,6.633192389006326,,,3.4,2.5
2023-04-14 07:00:00,2023-04-17,2023-04-14 16:00:00,2023-04-17 09:00:00,30980.47,30321.41,-2.127340224341334,X,2023-04-14,4137.64,0.7946368105392843,UP,5.0,0.0,X,3.52,12.99999999999999,82.58,2.3296158612143625,4.917719362889961,,3.4,2.5
2023-04-21 07:00:00,2023-04-24,2023-04-21 16:00:00,2023-04-24 09:00:00,27916.48,27592.7,-1.159816710416206,X,2023-04-21,4133.52,-0.09957367001478534,DOWN,5.0,0.0,X,3.57,4.999999999999982,77.86,-5.715669653669164,,,3.4,2.5
2023-04-28 07:00:00,2023-05-01,2023-04-28 16:00:00,2023-05-01 09:00:00,29479.81,29240.49,-0.811809845450151,X,2023-04-28,4169.48,0.8699607114517116,UP,5.0,0.0,X,3.44,-12.99999999999999,76.78,-1.3871050603647572,,4.428273156924578,3.4,2.5
2023-05-05 07:00:00,2023-05-08,2023-05-05 16:00:00,2023-05-08 09:00:00,29182.39,28472.68,-2.4319803826896913,X,2023-05-05,4136.25,-0.7969818778360782,DOWN,5.25,25.0,O,3.44,0.0,71.32,-7.1112268820005315,,,3.6,2.5
2023-05-12 07:00:00,2023-05-15,2023-05-12 16:00:00,2023-05-15 09:00:00,26314.06,26929.98,2.340649827506658,O,2023-05-12,4124.08,-0.2942278634028406,DOWN,5.25,0.0,X,3.46,2.0000000000000018,70.02,-1.8227706113292164,4.950079879124369,,3.6,2.5
2023-05-19 07:00:00,2023-05-22,2023-05-19 16:00:00,2023-05-22 09:00:00,26908.86,26751.0,-0.5866469259567353,X,2023-05-19,4191.98,1.6464278093538454,UP,5.25,0.0,X,3.7,24.00000000000002,71.57,2.2136532419308796,,,3.6,2.5
2023-05-26 07:00:00,2023-05-29,2023-05-26 16:00:00,2023-05-29 09:00:00,26436.27,28070.04,6.180032205753694,O,2023-05-26,4205.45,0.32132786893068754,UP,5.25,0.0,X,3.8,9.999999999999964,72.35,1.0898421126170232,,4.476012960317743,3.6,2.5
2023-06-02 07:00:00,2023-06-05,2023-06-02 16:00:00,2023-06-05 09:00:00,27079.42,27122.03,0.1573519669180623,O,2023-06-02,4282.37,1.8290551546207956,UP,5.25,0.0,X,3.69,-10.999999999999988,71.76,-0.8154803040773873,,,3.6,2.5
2023-06-09 07:00:00,2023-06-12,2023-06-09 16:00:00,2023-06-12 09:00:00,26497.67,25936.98,-2.115997368825251,X,2023-06-09,4298.86,0.3850671473973444,UP,5.25,0.0,X,3.75,6.000000000000005,70.16,-2.2296544035674604,4.131851231385042,,3.6,2.5
2023-06-16 07:00:00,2023-06-19,2023-06-16 16:00:00,2023-06-19 09:00:00,25551.0,26336.46,3.0740871198778885,O,2023-06-16,4409.59,2.5757991653601264,UP,5.25,0.0,X,3.77,2.0000000000000018,71.81,2.351767388825543,,,3.6,2.5
2023-06-23 07:00:00,2023-06-26,2023-06-23 16:00:00,2023-06-26 09:00:00,30019.02,30480.24,1.5364259059756247,O,2023-06-23,4348.33,-1.389244805072587,DOWN,5.25,0.0,X,3.74,-2.9999999999999805,68.91,-4.038434758390208,,,3.6,2.5
2023-06-30 07:00:00,2023-07-03,2023-06-30 16:00:00,2023-07-03 09:00:00,30661.92,30613.57,-0.1576874507532411,X,2023-06-30,4450.38,2.3468779968401687,UP,5.25,0.0,X,3.81,6.999999999999984,70.66,2.539544333188215,,4.003462454014284,3.6,2.5
2023-07-07 07:00:00,2023-07-10,2023-07-07 16:00:00,2023-07-10 09:00:00,30125.47,30168.26,0.14203927772744596,O,2023-07-07,4398.95,-1.1556316539261924,DOWN,5.25,0.0,X,4.06,24.999999999999957,73.91,4.5994905179733925,,,3.5,4.7
2023-07-14 07:00:00,2023-07-17,2023-07-14 16:00:00,2023-07-17 09:00:00,31304.94,30247.56,-3.377677772262133,X,2023-07-14,4505.42,2.4203503108696456,UP,5.25,0.0,X,3.83,-22.999999999999954,75.44,2.0700852388039426,3.070617072997095,,3.5,4.7
2023-07-21 07:00:00,2023-07-24,2023-07-21 16:00:00,2023-07-24 09:00:00,29856.12,30081.61,0.7552555388979032,O,2023-07-21,4536.34,0.6862845195342526,UP,5.25,0.0,X,3.84,0.9999999999999787,77.06,2.147401908801694,,,3.5,4.7
2023-07-28 07:00:00,2023-07-31,2023-07-28 16:00:00,2023-07-31 09:00:00,29181.27,29280.41,0.3397384692304328,O,2023-07-28,4582.23,1.011608477318715,UP,5.5,25.0,O,3.96,12.00000000000001,80.55,4.528938489488699,,3.284521339529123,3.5,4.7
2023-08-04 07:00:00,2023-08-07,2023-08-04 16:00:00,2023-08-07 09:00:00,29169.22,29040.01,-0.44296693569455536,X,2023-08-04,4478.03,-2.274001959744487,DOWN,5.5,0.0,X,4.05,8.999999999999986,82.76,2.743637492240847,,,3.7,4.7
2023-08-11 07:00:00,2023-08-14,2023-08-11 16:00:00,2023-08-14 09:00:00,29416.17,29275.78,-0.47725451681847053,X,2023-08-11,4464.05,-0.3121908517807914,DOWN,5.5,0.0,X,4.16,11.000000000000032,83.17,0.49540840985982104,3.287749268428297,,3.7,4.7
2023-08-18 07:00:00,2023-08-21,2023-08-18 16:00:00,2023-08-21 09:00:00,26497.97,26189.36,-1.1646552547232902,X,2023-08-18,4369.71,-2.1133275836964227,DOWN,5.5,0.0,X,4.26,9.999999999999964,81.25,-2.3085247084285165,,,3.7,4.7
2023-08-25 07:00:00,2023-08-28,2023-08-25 16:00:00,2023-08-28 09:00:00,26007.97,26091.16,0.3198634880000162,O,2023-08-25,4405.71,0.8238532991891923,UP,5.5,0.0,X,4.25,-0.9999999999999787,80.47,-0.9600000000000053,,3.40904219289897,3.7,4.7
2023-09-01 07:00:00,2023-09-04,2023-09-01 16:00:00,2023-09-04 09:00:00,25989.96,25969.83,-0.07745298569138415,X,2023-09-01,4515.77,2.4981217556307778,UP,5.5,0.0,X,4.18,-7.000000000000028,85.52,6.2756306698148245,,,3.7,4.7
2023-09-08 07:00:00,2023-09-11,2023-09-08 16:00:00,2023-09-11 09:00:00,26215.72,25831.77,-1.464579267706556,X,2023-09-08,4457.49,-1.290588316056851,DOWN,5.5,0.0,X,4.26,8.000000000000007,87.51,2.3269410664172208,3.722504803505289,,3.7,4.7
2023-09-15 07:00:00,2023-09-18,2023-09-15 16:00:00,2023-09-18 09:00:00,26575.84,26530.96,-0.16887518889336928,X,2023-09-15,4450.32,-0.1608528566525158,DOWN,5.5,0.0,X,4.33,7.000000000000028,90.83,3.7938521311849938,,,3.7,4.7
2023-09-22 07:00:00,2023-09-25,2023-09-22 16:00:00,2023-09-25 09:00:00,26620.91,26248.17,-1.4001775296186403,X,2023-09-22,4320.06,-2.9269805317370334,DOWN,5.5,0.0,X,4.44,11.000000000000032,90.0,-0.9137950016514296,,,3.7,4.7
2023-09-29 07:00:00,2023-10-02,2023-09-29 16:00:00,2023-10-02 09:00:00,27072.96,27995.46,3.4074589553561907,O,2023-09-29,4288.05,-0.7409619310842941,DOWN,5.5,0.0,X,4.59,14.999999999999947,90.77,0.8555555555555427,,3.43205991996991,3.7,4.7
2023-10-06 07:00:00,2023-10-09,2023-10-06 16:00:00,2023-10-09 09:00:00,27495.11,27933.54,1.5945744534209938,O,2023-10-06,4308.5,0.47690675248655,UP,5.5,0.0,X,4.78,19.00000000000004,82.83,-8.747383496750027,,,3.9,3.4
2023-10-13 07:00:00,2023-10-16,2023-10-13 16:00:00,2023-10-16 09:00:00,26797.16,27186.13,1.4515344163336774,O,2023-10-13,4327.78,0.4474875246605503,UP,5.5,0.0,X,4.63,-15.000000000000036,87.67,5.843293492695878,3.687206638119256,,3.9,3.4
2023-10-20 07:00:00,2023-10-23,2023-10-20 16:00:00,2023-10-23 09:00:00,29303.2,30004.14,2.3920254443200673,O,2023-10-20,4224.16,-2.3942991556872073,DOWN,5.5,0.0,X,4.93,29.999999999999982,89.12,1.6539295083837224,,,3.9,3.4
2023-10-27 07:00:00,2023-10-30,2023-10-27 16:00:00,2023-10-30 09:00:00,34240.36,34534.48,0.8589862957048444,O,2023-10-27,4117.37,-2.5280765880080325,DOWN,5.5,0.0,X,4.84,-8.999999999999986,86.04,-3.4560143626570894,,3.4488928270185903,3.9,3.4
2023-11-03 07:00:00,2023-11-06,2023-11-03 16:00:00,2023-11-06 09:00:00,34454.99,35035.79,1.6856774592011181,O,2023-11-03,4358.34,5.852522362576118,UP,5.5,0.0,X,4.57,-26.999999999999957,81.19,-5.636913063691318,,,3.7,3.4
2023-11-10 07:00:00,2023-11-13,2023-11-10 16:00:00,2023-11-13 09:00:00,36615.84,37086.5,1.2853999798994264,O,2023-11-10,4415.24,1.3055429360719906,UP,5.5,0.0,X,4.61,4.0000000000000036,76.34,-5.973642074147056,3.2512659098611785,,3.7,3.4
2023-11-17 07:00:00,2023-11-20,2023-11-17 16:00:00,2023-11-20 09:00:00,36364.84,37389.06,2.816511773460295,O,2023-11-17,4514.02,2.2372509761643844,UP,5.5,0.0,X,4.44,-16.999999999999993,76.47,0.17029080429655785,,,3.7,3.4
2023-11-24 07:00:00,2023-11-27,2023-11-24 16:00:00,2023-11-27 09:00:00,37394.0,37462.01,0.18187409744878646,O,2023-11-24,4559.34,1.003983145843379,UP,5.5,0.0,X,4.47,2.999999999999936,74.83,-2.1446318817837096,,3.0232617305099296,3.7,3.4
2023-12-01 07:00:00,2023-12-04,2023-12-01 16:00:00,2023-12-04 09:00:00,38225.3,39984.81,4.602998537617742,O,2023-12-01,4594.63,0.7740155373365365,UP,5.5,0.0,X,4.22,-25.0,73.7,-1.510089536282233,,,3.8,3.4
2023-12-08 07:00:00,2023-12-11,2023-12-08 16:00:00,2023-12-11 09:00:00,43360.01,43793.67,1.000138145724594,O,2023-12-08,4604.37,0.21198660175030248,UP,5.5,0.0,X,4.23,1.0000000000000675,70.87,-3.839891451831745,3.1333462745911866,,3.8,3.4
2023-12-15 07:00:00,2023-12-18,2023-12-15 16:00:00,2023-12-18 09:00:00,42577.32,41349.59,-2.8835304805469253,X,2023-12-15,4719.19,2.493717924493466,UP,5.5,0.0,X,3.91,-32.00000000000003,71.05,0.25398617186396244,,,3.8,3.4
2023-12-22 07:00:00,2023-12-25,2023-12-22 16:00:00,2023-12-25 09:00:00,43898.03,43025.02,-1.9887225007591547,X,2023-12-22,4754.63,0.7509763328028773,UP,5.5,0.0,X,3.9,-1.000000000000023,73.29,3.152709359605921,,,3.8,3.4
2023-12-29 07:00:00,2024-01-01,2023-12-29 16:00:00,2024-01-01 09:00:00,42536.71,42288.58,-0.5833314330139672,X,2023-12-29,4769.83,0.31968838795026766,UP,5.5,0.0,X,3.88,-2.0000000000000018,71.89,-1.9102196752626588,,2.7650899986466193,3.8,3.4
2024-01-05 07:00:00,2024-01-08,2024-01-05 16:00:00,2024-01-08 09:00:00,43880.41,43954.52,0.16889085585114483,O,2024-01-05,4697.24,-1.5218571731067998,DOWN,5.5,0.0,X,4.05,16.999999999999993,74.0,2.9350396439004056,,,3.7,0.8
2024-01-12 07:00:00,2024-01-15,2024-01-12 16:00:00,2024-01-15 09:00:00,46106.64,41698.13,-9.56155122125577,X,2024-01-12,4783.83,1.8434229462407803,UP,5.5,0.0,X,3.96,-8.999999999999986,72.94,-1.43243243243244,3.3159099427102934,,3.7,0.8
2024-01-19 07:00:00,2024-01-22,2024-01-19 16:00:00,2024-01-22 09:00:00,41425.45,41553.92,0.31012336619156144,O,2024-01-19,4839.81,1.1701920845849534,UP,5.5,0.0,X,4.15,19.00000000000004,73.69,1.0282423910063176,,,3.7,0.8
2024-01-26 07:00:00,2024-01-29,2024-01-26 16:00:00,2024-01-29 09:00:00,39985.35,42034.57,5.124927004515412,O,2024-01-26,4890.97,1.0570662897923633,UP,5.5,0.0,X,4.15,0.0,78.45,6.459492468448924,,2.7672658467360334,3.7,0.8
2024-02-02 07:00:00,2024-02-05,2024-02-02 16:00:00,2024-02-05 09:00:00,43138.99,42571.91,-1.3145416710034108,X,2024-02-02,4958.61,1.3829567549995092,UP,5.5,0.0,X,4.03,-12.00000000000001,72.72,-7.304015296367117,,,3.9,0.8
2024-02-09 07:00:00,2024-02-12,2024-02-09 16:00:00,2024-02-12 09:00:00,46197.3,48321.14,4.597324951891113,O,2024-02-09,5026.61,1.3713520522888434,UP,5.5,0.0,X,4.17,13.999999999999968,77.26,6.2431243124312585,3.0883429864855705,,3.9,0.8
2024-02-16 07:00:00,2024-02-19,2024-02-16 16:00:00,2024-02-19 09:00:00,51915.13,52153.63,0.45940364591208205,O,2024-02-16,5005.57,-0.4185723579111955,DOWN,5.5,0.0,X,4.3,12.99999999999999,79.65,3.093450685995336,,,3.9,0.8
2024-02-23 07:00:00,2024-02-26,2024-02-23 16:00:00,2024-02-26 09:00:00,51282.28,51730.96,0.8749220978474526,O,2024-02-23,5088.8,1.6627476990632495,UP,5.5,0.0,X,4.26,-4.0000000000000036,77.6,-2.5737602008788607,,2.6987514493606035,3.9,0.8
2024-03-01 07:00:00,2024-03-04,2024-03-01 16:00:00,2024-03-04 09:00:00,61588.02,63155.74,2.5454950491994977,O,2024-03-01,5137.08,0.9487501965099732,UP,5.5,0.0,X,4.19,-6.99999999999994,80.9,4.252577319587636,,,3.9,0.8
2024-03-08 07:00:00,2024-03-11,2024-03-08 16:00:00,2024-03-11 09:00:00,67660.25,69032.8,2.028591381202416,O,2024-03-08,5123.69,-0.2606539123393148,DOWN,5.5,0.0,X,4.09,-10.000000000000053,78.96,-2.3980222496909898,3.157074141648697,,3.9,0.8
2024-03-15 07:00:00,2024-03-18,2024-03-15 16:00:00,2024-03-18 09:00:00,68601.64,68354.29,-0.36055989332034466,X,2024-03-15,5117.09,-0.12881341377014577,DOWN,5.5,0.0,X,4.31,21.999999999999975,81.94,3.7740628166160084,,,3.9,0.8
2024-03-22 07:00:00,2024-03-25,2024-03-22 16:00:00,2024-03-25 09:00:00,66448.24,67212.69,1.1504443157561495,O,2024-03-22,5234.18,2.2882145907146434,UP,5.5,0.0,X,4.22,-8.999999999999986,81.1,-1.025140346595077,,,3.9,0.8
2024-03-29 07:00:00,2024-04-01,2024-03-29 16:00:00,2024-04-01 09:00:00,70442.77,71291.5,1.204850405513569,O,2024-03-29,5254.35,0.38535166922040176,UP,5.5,0.0,X,4.2,-1.9999999999999574,83.96,3.52651048088779,,2.705057426970159,3.9,0.8
2024-04-05 07:00:00,2024-04-08,2024-04-05 16:00:00,2024-04-08 09:00:00,67164.2,69350.36,3.25494832068276,O,2024-04-05,5204.34,-0.9517828085300772,DOWN,5.5,0.0,X,4.39,18.99999999999995,87.69,4.442591710338251,,,3.9,3.6
2024-04-12 07:00:00,2024-04-15,2024-04-12 16:00:00,2024-04-15 09:00:00,70880.6,65764.56,-7.217828291521244,X,2024-04-12,5123.41,-1.5550482866223292,DOWN,5.5,0.0,X,4.5,11.000000000000032,86.46,-1.4026684912760934,3.4868349120836584,,3.9,3.6
2024-04-19 07:00:00,2024-04-22,2024-04-19 16:00:00,2024-04-22 09:00:00,64649.72,64952.92,0.4689888834785272,O,2024-04-19,4967.23,-3.0483603693633787,DOWN,5.5,0.0,X,4.62,12.00000000000001,83.79,-3.08813324080498,,,3.9,3.6
2024-04-26 07:00:00,2024-04-29,2024-04-26 16:00:00,2024-04-29 09:00:00,64373.14,63109.76,-1.9625887443116774,X,2024-04-26,5099.96,2.6721130287907124,UP,5.5,0.0,X,4.67,4.999999999999982,85.38,1.8976011457214392,,2.9279392327126175,3.9,3.6
2024-05-03 07:00:00,2024-05-06,2024-05-03 16:00:00,2024-05-06 09:00:00,59266.92,64023.45,8.025606864672575,O,2024-05-03,5127.79,0.5456905544357182,UP,5.5,0.0,X,4.5,-16.999999999999993,79.65,-6.711173576950092,,,3.9,3.6
2024-05-10 07:00:00,2024-05-13,2024-05-10 16:00:00,2024-05-13 09:00:00,63160.78,61453.01,-2.703845645984737,X,2024-05-10,5222.68,1.8505047983634393,UP,5.5,0.0,X,4.5,0.0,79.81,0.2008788449466392,3.3607951262196734,,3.9,3.6
2024-05-17 07:00:00,2024-05-20,2024-05-17 16:00:00,2024-05-20 09:00:00,65951.8,66260.04,0.46737162594499004,O,2024-05-17,5303.27,1.5430775004403818,UP,5.5,0.0,X,4.42,-8.000000000000007,81.66,2.318005262498435,,,3.9,3.6
2024-05-24 07:00:00,2024-05-27,2024-05-24 16:00:00,2024-05-27 09:00:00,66873.94,68470.8,2.3878658861733015,O,2024-05-24,5304.72,0.0273416213015798,UP,5.5,0.0,X,4.46,4.0000000000000036,78.48,-3.894195444526072,,,3.9,3.6
2024-05-31 07:00:00,2024-06-03,2024-05-31 16:00:00,2024-06-03 09:00:00,68255.63,67731.14,-0.7684201288597037,X,2024-05-31,5277.51,-0.5129394199882342,DOWN,5.5,0.0,X,4.51,4.999999999999982,77.97,-0.6498470948012258,,2.826154012888593,3.9,3.6
2024-06-07 07:00:00,2024-06-10,2024-06-07 16:00:00,2024-06-10 09:00:00,71249.21,69641.08,-2.2570495869357776,X,2024-06-07,5346.99,1.3165299544671605,UP,5.5,0.0,X,4.43,-8.000000000000007,76.53,-1.8468641785302053,,,4.1,3.6
2024-06-14 07:00:00,2024-06-17,2024-06-14 16:00:00,2024-06-17 09:00:00,66917.28,66629.38,-0.430232669349373,X,2024-06-14,5431.6,1.5823856038631234,UP,5.5,0.0,X,4.2,-22.999999999999954,79.41,3.7632301058408313,3.244278584003113,,4.1,3.6
2024-06-21 07:00:00,2024-06-24,2024-06-21 16:00:00,2024-06-24 09:00:00,64590.88,63169.36,-2.2008060580688715,X,2024-06-21,5464.62,0.6079240002945685,UP,5.5,0.0,X,4.25,4.999999999999982,81.71,2.896360659866515,,,4.1,3.6
2024-06-28 07:00:00,2024-07-01,2024-06-28 16:00:00,2024-07-01 09:00:00,61557.84,62669.14,1.8052940129153372,O,2024-06-28,5460.48,-0.07576007114858951,DOWN,5.5,0.0,X,4.36,11.000000000000032,82.83,1.370701260555629,,2.6616729088639213,4.1,3.6
2024-07-05 07:00:00,2024-07-08,2024-07-05 16:00:00,2024-07-08 09:00:00,54280.2,55852.61,2.896838994697881,O,2024-07-05,5567.19,1.9542238045006988,UP,5.5,0.0,X,4.28,-8.000000000000007,84.44,1.9437401907521412,,,4.2,3.3
2024-07-12 07:00:00,2024-07-15,2024-07-12 16:00:00,2024-07-15 09:00:00,57218.23,60804.97,6.268526656626738,O,2024-07-12,5615.35,0.8650683738115728,UP,5.5,0.0,X,4.18,-10.000000000000053,83.49,-1.1250592136428317,2.9702579486470926,,4.2,3.3
2024-07-19 07:00:00,2024-07-22,2024-07-19 16:00:00,2024-07-22 09:00:00,64205.79,68181.16,6.191606707120956,O,2024-07-19,5505.0,-1.965149100234187,DOWN,5.5,0.0,X,4.25,7.000000000000028,81.43,-2.467361360641984,,,4.2,3.3
2024-07-26 07:00:00,2024-07-29,2024-07-26 16:00:00,2024-07-29 09:00:00,67053.59,68244.3,1.775758762506241,O,2024-07-26,5459.1,-0.8337874659400502,DOWN,5.5,0.0,X,4.2,-4.999999999999982,78.58,-3.499938597568475,,2.548373440470164,4.2,3.3
2024-08-02 07:00:00,2024-08-05,2024-08-02 16:00:00,2024-08-05 09:00:00,64411.64,58131.31,-9.7503028955636,X,2024-08-02,5346.56,-2.0615119708376817,DOWN,5.5,0.0,X,3.8,-40.000000000000036,74.99,-4.5685925171799475,,,4.2,3.3
2024-08-09 07:00:00,2024-08-12,2024-08-09 16:00:00,2024-08-12 09:00:00,60902.81,58717.44,-3.588290917939574,X,2024-08-09,5344.16,-0.044888676083321144,DOWN,5.5,0.0,X,3.94,14.000000000000012,78.28,4.387251633551159,2.9414757935583014,,4.2,3.3
2024-08-16 07:00:00,2024-08-19,2024-08-16 16:00:00,2024-08-19 09:00:00,58539.04,58436.2,-0.17567763325124774,X,2024-08-16,5554.25,3.9312071494865375,UP,5.5,0.0,X,3.89,-4.999999999999982,78.05,-0.29381706693919485,,,4.2,3.3
2024-08-23 07:00:00,2024-08-26,2024-08-23 16:00:00,2024-08-26 09:00:00,61203.58,64250.01,4.977535627817842,O,2024-08-23,5634.61,1.4468200027006217,UP,5.5,0.0,X,3.81,-8.000000000000007,75.82,-2.857142857142858,,,4.2,3.3
2024-08-30 07:00:00,2024-09-02,2024-08-30 16:00:00,2024-09-02 09:00:00,59355.66,57291.21,-3.4781013301848573,X,2024-08-30,5648.4,0.24473743524395797,UP,5.5,0.0,X,3.91,10.000000000000009,74.52,-1.7145871801635404,,2.594376777467322,4.2,3.3
2024-09-06 07:00:00,2024-09-09,2024-09-06 16:00:00,2024-09-09 09:00:00,56412.63,54881.1,-2.7148707656423743,X,2024-09-06,5408.42,-4.248636782097581,DOWN,5.5,0.0,X,3.72,-18.999999999999993,68.58,-7.971014492753625,,,4.1,3.3
2024-09-13 07:00:00,2024-09-16,2024-09-13 16:00:00,2024-09-16 09:00:00,57767.54,59122.7,2.345884903528872,O,2024-09-13,5626.02,4.023356174261616,UP,5.5,0.0,X,3.66,-6.000000000000005,69.59,1.4727325750947928,2.607144490692037,,4.1,3.3
2024-09-20 07:00:00,2024-09-23,2024-09-20 16:00:00,2024-09-23 09:00:00,63800.01,63580.39,-0.34423192096678656,X,2024-09-20,5702.55,1.3602866680175296,UP,5.0,-50.0,O,3.73,6.999999999999984,72.72,4.497772668486855,,,4.1,3.3
2024-09-27 07:00:00,2024-09-30,2024-09-27 16:00:00,2024-09-30 09:00:00,65363.18,65600.01,0.3623293725917076,O,2024-09-27,5738.17,0.6246328396945167,UP,5.0,0.0,X,3.75,2.0000000000000018,68.72,-5.500550055005505,,2.412994957427461,4.1,3.3
2024-10-04 07:00:00,2024-10-07,2024-10-04 16:00:00,2024-10-07 09:00:00,61114.12,62810.93,2.7764614789511866,O,2024-10-04,5751.07,0.22481034894399343,UP,5.0,0.0,X,3.98,23.0,74.93,9.036670547147851,,,4.1,1.9
2024-10-11 07:00:00,2024-10-14,2024-10-11 16:00:00,2024-10-14 09:00:00,60750.39,62847.89,3.452652731941308,O,2024-10-11,5815.03,1.1121408711770142,UP,5.0,0.0,X,4.08,10.000000000000009,76.11,1.5748031496062964,2.4264830315416708,,4.1,1.9
2024-10-18 07:00:00,2024-10-21,2024-10-18 16:00:00,2024-10-21 09:00:00,68080.62,69014.87,1.3722701115236546,O,2024-10-18,5864.67,0.8536499381774476,UP,5.0,0.0,X,4.08,0.0,69.78,-8.31690973590855,,,4.1,1.9
2024-10-25 07:00:00,2024-10-28,2024-10-25 16:00:00,2024-10-28 09:00:00,67592.49,67943.18,0.5188298285800474,O,2024-10-25,5808.12,-0.9642486278000351,DOWN,5.0,0.0,X,4.25,16.999999999999993,72.02,3.2100888506735314,,2.260766436883843,4.1,1.9
2024-11-01 07:00:00,2024-11-04,2024-11-01 16:00:00,2024-11-04 09:00:00,69148.71,68736.4,-0.5962656425550272,X,2024-11-01,5728.8,-1.3656742629284513,DOWN,5.0,0.0,X,4.37,12.00000000000001,69.81,-3.068592057761721,,,4.2,1.9
2024-11-08 07:00:00,2024-11-11,2024-11-08 16:00:00,2024-11-11 09:00:00,75942.41,80427.69,5.906159680737022,O,2024-11-08,5995.54,4.656123446446014,UP,4.75,-25.0,O,4.3,-7.000000000000028,70.69,1.2605643890559959,2.578844053871343,,4.2,1.9
2024-11-15 07:00:00,2024-11-18,2024-11-15 16:00:00,2024-11-18 09:00:00,88205.32,89877.11,1.8953391926926688,O,2024-11-15,5870.62,-2.0835487712532963,DOWN,4.75,0.0,X,4.43,12.99999999999999,67.33,-4.753147545621728,,,4.2,1.9
2024-11-22 07:00:00,2024-11-25,2024-11-22 16:00:00,2024-11-25 09:00:00,99125.02,98032.06,-1.1026075959429837,X,2024-11-22,5969.34,1.6815941076070429,UP,4.75,0.0,X,4.41,-1.9999999999999574,71.68,6.460715877023637,,,4.2,1.9
2024-11-29 07:00:00,2024-12-02,2024-11-29 16:00:00,2024-12-02 09:00:00,96286.34,97259.17,1.0103510009831007,O,2024-11-29,6032.38,1.056063149359887,UP,4.75,0.0,X,4.18,-23.000000000000043,68.26,-4.77120535714286,,2.4776925356425616,4.2,1.9
2024-12-06 07:00:00,2024-12-09,2024-12-06 16:00:00,2024-12-09 09:00:00,98140.77,101175.0,3.0917120377188745,O,2024-12-06,6090.27,0.9596543984298211,UP,4.75,0.0,X,4.15,-2.999999999999936,68.58,0.4687957808379606,,,4.1,1.9
2024-12-13 07:00:00,2024-12-16,2024-12-13 16:00:00,2024-12-16 09:00:00,99708.09,104445.15,4.750928435195179,O,2024-12-13,6051.09,-0.6433212320636095,DOWN,4.75,0.0,X,4.4,25.0,71.54,4.3161271507728305,2.719472461284833,,4.1,1.9
2024-12-20 07:00:00,2024-12-23,2024-12-20 16:00:00,2024-12-23 09:00:00,97177.94,95091.15,-2.147390652652248,X,2024-12-20,5930.85,-1.9870800136834843,DOWN,4.5,-25.0,O,4.52,11.999999999999922,69.71,-2.5580095051719542,,,4.1,1.9
2024-12-27 07:00:00,2024-12-30,2024-12-27 16:00:00,2024-12-30 09:00:00,96474.96,93563.35,-3.017995550347985,X,2024-12-27,5970.84,0.6742709729633978,UP,4.5,0.0,X,4.62,10.000000000000053,71.28,2.252187634485736,,2.5878034125423,4.1,1.9
2025-01-03 07:00:00,2025-01-06,2025-01-03 16:00:00,2025-01-06 09:00:00,96467.97,98347.65,1.9485016632981855,O,2025-01-03,5942.47,-0.47514252600974194,DOWN,4.5,0.0,X,4.6,-2.000000000000046,74.64,4.7138047138047146,,,4.0,-0.6
2025-01-10 07:00:00,2025-01-13,2025-01-10 16:00:00,2025-01-13 09:00:00,94240.96,94507.24,0.2825522999765795,O,2025-01-10,5827.04,-1.942458270719083,DOWN,4.5,0.0,X,4.77,16.999999999999993,77.27,3.523579849946401,2.870690967509981,,4.0,-0.6
2025-01-17 07:00:00,2025-01-20,2025-01-17 16:00:00,2025-01-20 09:00:00,101398.12,101217.78,-0.17785339609845963,X,2025-01-17,5996.66,2.9109118866525785,UP,4.5,0.0,X,4.61,-15.999999999999925,78.56,1.6694706872007359,,,4.0,-0.6
2025-01-24 07:00:00,2025-01-27,2025-01-24 16:00:00,2025-01-27 09:00:00,104992.81,102565.28,-2.3120916565620098,X,2025-01-24,6101.24,1.7439708104177942,UP,4.5,0.0,X,4.63,1.9999999999999574,74.97,-4.569755600814673,,,4.0,-0.6
2025-01-31 07:00:00,2025-02-03,2025-01-31 16:00:00,2025-02-03 09:00:00,104511.1,97676.53,-6.539563740119481,X,2025-01-31,6040.53,-0.995043630475112,DOWN,4.5,0.0,X,4.58,-4.999999999999982,72.84,-2.8411364545818274,,2.7280946901200087,4.0,-0.6
2025-02-07 07:00:00,2025-02-10,2025-02-07 16:00:00,2025-02-10 09:00:00,96777.44,96481.47,-0.30582540724367613,X,2025-02-07,6025.99,-0.24070735514929442,DOWN,4.5,0.0,X,4.49,-8.999999999999986,71.32,-2.0867655134541585,,,4.2,-0.6
2025-02-14 07:00:00,2025-02-17,2025-02-14 16:00:00,2025-02-17 09:00:00,96847.18,96119.88,-0.7509769515229969,X,2025-02-14,6114.63,1.4709616179250373,UP,4.5,0.0,X,4.47,-2.000000000000046,71.05,-0.37857543466067733,2.9909783078999608,,4.2,-0.6
2025-02-21 07:00:00,2025-02-24,2025-02-21 16:00:00,2025-02-24 09:00:00,98428.11,96266.23,-2.196405071681251,X,2025-02-21,6013.13,-1.6599532596412225,DOWN,4.5,0.0,X,4.42,-4.999999999999982,70.72,-0.4644616467276541,,,4.2,-0.6
2025-02-28 07:00:00,2025-03-03,2025-02-28 16:00:00,2025-03-03 09:00:00,79240.95,94265.47,18.960550069124626,O,2025-02-28,5954.5,-0.9750329695183746,DOWN,4.5,0.0,X,4.24,-17.99999999999997,69.97,-1.0605203619909465,,2.6073795303935166,4.2,-0.6
2025-03-07 07:00:00,2025-03-10,2025-03-07 16:00:00,2025-03-10 09:00:00,88208.8,80708.21,-8.503221900762735,X,2025-03-07,5770.2,-3.0951381308254255,DOWN,4.5,0.0,X,4.32,8.000000000000007,67.29,-3.830212948406453,,,4.2,-0.6
2025-03-14 07:00:00,2025-03-17,2025-03-14 16:00:00,2025-03-17 09:00:00,82025.24,82562.5,0.6549935117531991,O,2025-03-14,5638.94,-2.274791168417045,DOWN,4.5,0.0,X,4.31,-1.0000000000000675,67.43,0.20805468866103016,2.8015834477613355,,4.2,-0.6
2025-03-21 07:00:00,2025-03-24,2025-03-21 16:00:00,2025-03-24 09:00:00,84175.09,86092.95,2.278417522333509,O,2025-03-21,5667.56,0.5075421976470817,UP,4.5,0.0,X,4.25,-5.999999999999961,68.52,1.6164911760343958,,,4.2,-0.6
2025-03-28 07:00:00,2025-03-31,2025-03-28 16:00:00,2025-03-31 09:00:00,85703.24,82379.98,-3.877636364739545,X,2025-03-28,5580.94,-1.528347295838084,DOWN,4.5,0.0,X,4.27,1.9999999999999574,69.74,1.7805020431990615,,2.7104846734857135,4.2,-0.6
2025-04-04 07:00:00,2025-04-07,2025-04-04 16:00:00,2025-04-07 09:00:00,83025.01,78370.15,-5.606575657142354,X,2025-04-04,5074.08,-9.081982605080864,DOWN,4.5,0.0,X,4.01,-25.99999999999998,62.42,-10.496128477201028,,,4.2,3.8
2025-04-11 07:00:00,2025-04-14,2025-04-11 16:00:00,2025-04-14 09:00:00,81057.09,83733.07,3.301352170427063,O,2025-04-11,5363.36,5.701132027874989,UP,4.5,0.0,X,4.48,47.000000000000064,61.91,-0.8170458186478768,2.381981462805549,,4.2,3.8
2025-04-18 07:00:00,2025-04-21,2025-04-18 16:00:00,2025-04-21 09:00:00,84724.96,85177.33,0.5339276642916113,O,2025-04-18,5282.7,-1.503907997971421,DOWN,4.5,0.0,X,4.34,-14.000000000000057,65.07,5.104183492166037,,,4.2,3.8
2025-04-25 07:00:00,2025-04-28,2025-04-25 16:00:00,2025-04-28 09:00:00,93580.88,93780.56,0.2133769205846292,O,2025-04-25,5525.21,4.590644935355037,UP,4.5,0.0,X,4.29,-4.999999999999982,63.85,-1.8749039495927322,,2.3594336708984365,4.2,3.8
2025-05-02 07:00:00,2025-05-05,2025-05-02 16:00:00,2025-05-05 09:00:00,96752.71,94272.54,-2.5634114021199084,X,2025-05-02,5686.67,2.922241869539799,UP,4.5,0.0,X,4.33,4.0000000000000036,59.67,-6.546593578700078,,,4.3,3.8
2025-05-09 07:00:00,2025-05-12,2025-05-09 16:00:00,2025-05-12 09:00:00,103214.49,104137.58,0.8943414824798213,O,2025-05-09,5659.91,-0.4705741673070585,DOWN,4.5,0.0,X,4.37,4.0000000000000036,62.37,4.524886877828038,2.32538823025783,,4.3,3.8
2025-05-16 07:00:00,2025-05-19,2025-05-16 16:00:00,2025-05-19 09:00:00,104019.69,106488.77,2.373665985737894,O,2025-05-16,5958.38,5.273405407506493,UP,4.5,0.0,X,4.43,5.999999999999961,63.84,2.3569023569023573,,,4.3,3.8
2025-05-23 07:00:00,2025-05-26,2025-05-23 16:00:00,2025-05-26 09:00:00,110508.09,109048.41,-1.3208806703653986,X,2025-05-23,5802.82,-2.610776754755495,DOWN,4.5,0.0,X,4.51,8.000000000000007,62.89,-1.488095238095244,,,4.3,3.8
2025-05-30 07:00:00,2025-06-02,2025-05-30 16:00:00,2025-06-02 09:00:00,105742.72,105697.93,-0.04235752588925834,X,2025-05-30,5911.69,1.8761567651589983,UP,4.5,0.0,X,4.41,-9.999999999999964,61.46,-2.2738114167594192,,2.2774259978433964,4.3,3.8
2025-06-06 07:00:00,2025-06-09,2025-06-06 16:00:00,2025-06-09 09:00:00,103245.49,105784.41,2.4591098361778307,O,2025-06-06,6000.36,1.4999095013439545,UP,4.5,0.0,X,4.51,9.999999999999964,65.3,6.247966156849971,,,4.1,3.8
2025-06-13 07:00:00,2025-06-16,2025-06-13 16:00:00,2025-06-16 09:00:00,104781.66,105600.21,0.7811958695825183,O,2025-06-13,5976.97,-0.389809944736641,DOWN,4.5,0.0,X,4.41,-9.999999999999964,73.84,13.078101071975512,2.3772651073680873,,4.1,3.8
2025-06-20 07:00:00,2025-06-23,2025-06-20 16:00:00,2025-06-23 09:00:00,104743.49,100996.87,-3.576947837044586,X,2025-06-20,5967.84,-0.15275298353514266,DOWN,4.5,0.0,X,4.38,-3.000000000000025,75.72,2.5460455037919827,,,4.1,3.8
2025-06-27 07:00:00,2025-06-30,2025-06-27 16:00:00,2025-06-30 09:00:00,107331.48,108386.44,0.982898959373335,O,2025-06-27,6173.07,3.438932679160289,UP,4.5,0.0,X,4.29,-8.999999999999986,66.66,-11.965134706814585,,2.4580860654408676,4.1,3.8
2025-07-04 07:00:00,2025-07-07,2025-07-04 16:00:00,2025-07-07 09:00:00,109067.74,109217.98,0.1377492556460691,O,2025-07-04,6279.35,1.721671712778261,UP,4.5,0.0,X,4.35,5.999999999999961,68.13,2.205220522052209,,,4.3,4.4
2025-07-11 07:00:00,2025-07-14,2025-07-11 16:00:00,2025-07-14 09:00:00,117685.25,119130.81,1.2283272542650714,O,2025-07-11,6259.75,-0.31213421771362215,DOWN,4.5,0.0,X,4.43,8.000000000000007,69.63,2.2016732716864773,2.680453865910226,,4.3,4.4
2025-07-18 07:00:00,2025-07-21,2025-07-18 16:00:00,2025-07-21 09:00:00,120344.64,117315.68,-2.516904782797147,X,2025-07-18,6296.79,0.5917169216022922,UP,4.5,0.0,X,4.44,1.0000000000000675,68.53,-1.5797788309636518,,,4.3,4.4
2025-07-25 07:00:00,2025-07-28,2025-07-25 16:00:00,2025-07-28 09:00:00,115328.15,119465.52,3.5874762579647834,O,2025-07-25,6388.64,1.4586797399945173,UP,4.5,0.0,X,4.4,-4.0000000000000036,66.38,-3.137312126076175,,2.5935129797068024,4.3,4.4
2025-08-01 07:00:00,2025-08-04,2025-08-01 16:00:00,2025-08-04 09:00:00,115149.03,114215.7,-0.8105409138053576,X,2025-08-01,6238.01,-2.357778807383104,DOWN,4.5,0.0,X,4.23,-16.999999999999993,68.39,3.028020488098826,,,4.3,4.4
2025-08-08 07:00:00,2025-08-11,2025-08-08 16:00:00,2025-08-11 09:00:00,116779.13,119309.37,2.1666885170321004,O,2025-08-08,6389.45,2.42769729448975,UP,4.5,0.0,X,4.27,3.9999999999999147,64.94,-5.04459716332798,2.742618052167134,,4.3,4.4
2025-08-15 07:00:00,2025-08-18,2025-08-15 16:00:00,2025-08-18 09:00:00,119188.75,117488.59,-1.4264433514069141,X,2025-08-15,6449.8,0.944525741652269,UP,4.5,0.0,X,4.33,6.00000000000005,63.78,-1.786264243917457,,,4.3,4.4
2025-08-22 07:00:00,2025-08-25,2025-08-22 16:00:00,2025-08-25 09:00:00,112959.99,113478.0,0.45857829838689135,O,2025-08-22,6466.91,0.265279543551733,UP,4.5,0.0,X,4.26,-7.000000000000028,64.08,0.470366886171214,,,4.3,4.4
2025-08-29 07:00:00,2025-09-01,2025-08-29 16:00:00,2025-09-01 09:00:00,111287.61,108247.95,-2.7313552694680054,X,2025-08-29,6460.26,-0.10283118212561781,DOWN,4.5,0.0,X,4.23,-2.999999999999936,64.36,0.43695380774033676,,2.605547294239341,4.3,4.4
2025-09-05 07:00:00,2025-09-08,2025-09-05 16:00:00,2025-09-08 09:00:00,111905.99,111120.38,-0.7020267637147914,X,2025-09-05,6481.5,0.3287793370545522,UP,4.5,0.0,X,4.1,-13.000000000000078,62.22,-3.3250466128029843,,,4.4,4.4
2025-09-12 07:00:00,2025-09-15,2025-09-12 16:00:00,2025-09-15 09:00:00,115344.4,115314.12,-0.026251816299704966,X,2025-09-12,6584.29,1.5858983260047754,UP,4.5,0.0,X,4.06,-4.0000000000000036,63.02,1.2857602057216422,2.9385917430316155,,4.4,4.4
2025-09-19 07:00:00,2025-09-22,2025-09-19 16:00:00,2025-09-22 09:00:00,116724.8,115282.26,-1.2358470522117027,X,2025-09-19,6664.36,1.216076448637593,UP,4.25,-25.0,O,4.14,8.000000000000007,63.02,0.0,,,4.4,4.4
2025-09-26 07:00:00,2025-09-29,2025-09-26 16:00:00,2025-09-29 09:00:00,109410.97,112197.66,2.5469932311175114,O,2025-09-26,6643.7,-0.3100072625128236,DOWN,4.25,0.0,X,4.2,6.00000000000005,66.5,5.522056490003169,,2.7476208541517,4.4,4.4
2025-10-03 07:00:00,2025-10-06,2025-10-03 16:00:00,2025-10-06 09:00:00,120004.0,123520.8,2.9305689810339652,O,2025-10-03,6715.79,1.08508812860304,UP,4.25,0.0,X,4.13,-7.000000000000028,61.65,-7.293233082706774,,,4.4,0.5
2025-10-10 07:00:00,2025-10-13,2025-10-10 16:00:00,2025-10-13 09:00:00,121407.99,115067.96,-5.22208628937848,X,2025-10-10,6552.51,-2.431285075918088,DOWN,4.25,0.0,X,4.05,-8.000000000000007,59.75,-3.081914030819133,3.0225715847133294,,4.4,0.5
2025-10-17 07:00:00,2025-10-20,2025-10-17 16:00:00,2025-10-20 09:00:00,106755.92,108676.77,1.799291317989682,O,2025-10-17,6664.01,1.7016379982632612,UP,4.25,0.0,X,4.02,-3.000000000000025,58.3,-2.4267782426778295,,,4.4,0.5
2025-10-24 07:00:00,2025-10-27,2025-10-24 16:00:00,2025-10-27 09:00:00,111498.05,114561.69,2.7477072468980346,O,2025-10-24,6791.69,1.9159635114593065,UP,4.25,0.0,X,4.02,0.0,62.27,6.8096054888507895,,,4.4,0.5
2025-10-31 07:00:00,2025-11-03,2025-10-31 16:00:00,2025-11-03 09:00:00,109613.04,110533.83,0.8400369153159115,O,2025-10-31,6840.2,0.7142552148287074,UP,4.0,-25.0,O,4.11,9.000000000000075,61.75,-0.8350730688935326,,2.7874424148706556,4.4,0.5
2025-11-07 07:00:00,2025-11-10,2025-11-07 16:00:00,2025-11-10 09:00:00,101765.99,104694.23,2.877424962897712,O,2025-11-07,6728.8,-1.628607350662259,DOWN,4.0,0.0,X,4.11,0.0,60.54,-1.9595141700404883,,,4.5,0.5
2025-11-14 07:00:00,2025-11-17,2025-11-14 16:00:00,2025-11-17 09:00:00,97504.64,94182.03,-3.407642959350443,X,2025-11-14,6734.11,0.07891451670429817,UP,4.0,0.0,X,4.14,2.999999999999936,60.87,0.5450941526263575,,,4.5,0.5
2025-11-21 07:00:00,2025-11-24,2025-11-21 16:00:00,2025-11-24 09:00:00,85465.99,86808.28,1.570554556262671,O,2025-11-21,6602.99,-1.9471021411886613,DOWN,4.0,0.0,X,4.06,-8.000000000000007,58.86,-3.302119270576631,,,4.5,0.5
2025-11-28 07:00:00,2025-12-01,2025-11-28 16:00:00,2025-12-01 09:00:00,91286.84,90364.0,-1.0109233707728316,X,2025-11-28,6849.09,3.7270993898218974,UP,4.0,0.0,X,4.02,-4.0000000000000036,58.58,-0.47570506286103154,,2.7125805259691216,4.5,0.5
2025-12-05 07:00:00,2025-12-08,2025-12-05 16:00:00,2025-12-08 09:00:00,92306.77,90402.3,-2.0631964481045095,X,2025-12-05,6870.4,0.3111362239363036,UP,4.0,0.0,X,4.14,12.00000000000001,60.23,2.8166609764424644,,,4.4,0.5
2025-12-12 07:00:00,2025-12-15,2025-12-12 16:00:00,2025-12-15 09:00:00,92528.0,88174.37,-4.705202749438008,X,2025-12-12,6827.41,-0.6257277596646404,DOWN,3.75,-25.0,O,4.19,5.000000000000071,57.61,-4.34999169848912,2.988299628363511,,4.4,0.5
2025-12-19 07:00:00,2025-12-22,2025-12-19 16:00:00,2025-12-22 09:00:00,87430.95,88639.87,1.3827140160320717,O,2025-12-19,6834.5,0.1038461144123426,UP,3.75,0.0,X,4.16,-3.000000000000025,56.8,-1.4060059017531712,,,4.4,0.5
2025-12-26 07:00:00,2025-12-29,2025-12-26 16:00:00,2025-12-29 09:00:00,89056.1,87877.28,-1.3236824877801867,X,2025-12-26,6929.94,1.396444509473982,UP,3.75,0.0,X,4.14,-2.000000000000046,56.6,-0.35211267605632646,,2.8201898312699925,4.4,0.5
2026-01-02 07:00:00,2026-01-05,2026-01-02 16:00:00,2026-01-05 09:00:00,88837.11,91489.03,2.9851488865407783,O,2026-01-02,6858.47,-1.031322060508455,DOWN,3.75,0.0,X,4.19,5.000000000000071,57.21,1.07773851590105,,,4.3,0.5
2026-01-09 07:00:00,2026-01-12,2026-01-09 16:00:00,2026-01-12 09:00:00,91016.81,90878.51,-0.15194995298121183,X,2026-01-09,6966.28,1.5719249336951124,UP,3.75,0.0,X,4.18,-1.0000000000000675,58.96,3.0589057857018043,3.00226204316838,,4.3,0.5
2026-01-16 07:00:00,2026-01-19,2026-01-16 16:00:00,2026-01-19 09:00:00,95716.01,93630.0,-2.1793741715727566,X,2026-01-16,6940.01,-0.3771022697910409,DOWN,3.75,0.0,X,4.24,6.00000000000005,59.4,0.746268656716409,,,4.3,0.5
2026-01-23 07:00:00,2026-01-26,2026-01-23 16:00:00,2026-01-26 09:00:00,89386.65,86561.94,-3.1601027670239312,X,2026-01-23,6915.61,-0.3515845078033153,DOWN,3.75,0.0,X,4.24,0.0,60.7,2.1885521885522063,,,4.3,0.5
2026-01-30 07:00:00,2026-02-02,2026-01-30 16:00:00,2026-02-02 09:00:00,82469.99,76895.99,-6.75882220914541,X,2026-01-30,6939.03,0.3386541461996906,UP,3.75,0.0,X,4.26,1.9999999999999574,64.5,6.260296540362442,,2.878083518031027,4.3,0.5
2026-02-06 07:00:00,2026-02-09,2026-02-06 16:00:00,2026-02-09 09:00:00,64895.98,70279.32,8.295336629479987,O,2026-02-06,6932.3,-0.09698761930700961,DOWN,3.75,0.0,X,4.22,-4.0000000000000036,63.77,-1.131782945736426,,,4.4,0.5
2026-02-13 07:00:00,2026-02-16,2026-02-13 16:00:00,2026-02-16 09:00:00,66317.57,68792.0,3.731183154026896,O,2026-02-13,6836.17,-1.3866970558112035,DOWN,3.75,0.0,X,4.04,-17.99999999999997,63.05,-1.1290575505723766,2.8286797395498997,,4.4,0.5
2026-02-20 07:00:00,2026-02-23,2026-02-20 16:00:00,2026-02-23 09:00:00,67820.71,67616.01,-0.30182520943825564,X,2026-02-20,6909.51,1.07282294033062,UP,3.75,0.0,X,4.08,4.0000000000000036,66.69,5.7731958762886615,,,4.4,0.5
2026-02-27 07:00:00,2026-03-02,2026-02-27 16:00:00,2026-03-02 09:00:00,67662.0,65771.56,-2.793946380538559,X,2026-02-27,6878.88,-0.4433020575988711,DOWN,3.75,0.0,X,3.97,-10.999999999999988,66.96,0.4048582995951344,,2.828962580830341,4.4,0.5
2026-03-06 07:00:00,2026-03-09,2026-03-06 16:00:00,2026-03-09 09:00:00,70599.47,65970.56,-6.556578965819437,X,2026-03-06,6740.02,-2.0186425697206523,DOWN,3.75,0.0,X,4.15,18.000000000000014,90.77,35.55854241338112,,,4.3,0.5
2026-03-13 07:00:00,2026-03-16,2026-03-13 16:00:00,2026-03-16 09:00:00,71359.1,72830.01,2.061278799760635,O,2026-03-13,6632.19,-1.5998468847273628,DOWN,3.75,0.0,X,4.28,12.99999999999999,98.48,8.4939958135948,2.6645890876940914,,4.3,0.5
2026-03-20 07:00:00,2026-03-23,2026-03-20 16:00:00,2026-03-23 09:00:00,70495.34,67844.94,-3.759681136370141,X,2026-03-20,6506.48,-1.8954523317335603,DOWN,3.75,0.0,X,4.39,10.999999999999943,98.71,0.23354995938260625,,,4.3,0.5
2026-03-27 07:00:00,2026-03-30,2026-03-27 16:00:00,2026-03-30 09:00:00,68613.89,65957.95,-3.8708488908003935,X,2026-03-27,6368.85,-2.1152758480775913,DOWN,3.75,0.0,X,4.44,5.000000000000071,101.26,2.58332489109514,,2.801756656951593,4.3,0.5
2026-04-03 07:00:00,2026-04-06,2026-04-03 16:00:00,2026-04-06 09:00:00,66791.93,69005.0,3.3133793259155775,O,2026-04-03,6582.69,3.3575920299582895,UP,3.75,0.0,X,4.35,-9.000000000000075,113.23,11.82105471064585,,,4.3,0.5
2026-04-10 07:00:00,2026-04-13,2026-04-10 16:00:00,2026-04-13 09:00:00,71806.87,70755.35,-1.464372420076221,X,2026-04-10,6816.89,3.557816029617089,UP,3.75,0.0,X,4.31,-4.0000000000000036,114.01,0.6888633754305484,3.3202055812236786,,4.3,0.5
